ds,y,volume,rsi,ema_9,ema_21,macd,macd_signal
2022-01-03,170.404,63869140,50.0,170.404,170.404,0.0,0.0
2022-01-04,167.522,70725160,50.0,169.82760000000002,170.142,-0.22990313390312167,-0.04598062678062434
2022-01-05,164.357,64302720,50.0,168.73348000000001,169.6160909090909,-0.6598853256061545,-0.16876156654573038
2022-01-06,163.254,51957780,50.0,167.63758400000003,169.03771900826445,-1.0772345034292528,-0.3504561539224349
2022-01-07,162.554,46605900,50.0,166.62086720000002,168.44829000751312,-1.447781756670338,-0.5699212744720155
2022-01-10,161.486,87798300,50.0,165.59389376000001,167.81535455228467,-1.8067942000168387,-0.8172958595809802
2022-01-11,165.362,62805580,50.0,165.547515008,167.5923223202588,-1.7582849268550547,-1.005493673035795
2022-01-12,165.207,50029120,50.0,165.47941200640003,167.3754748365989,-1.7126063233596085,-1.1469162031005578
2022-01-13,161.214,52188300,50.0,164.62632960512002,166.81534076054444,-1.9758312770499344,-1.312699217890433
2022-01-14,162.138,45974860,50.0,164.12866368409604,166.3901279641313,-2.085835656413593,-1.4673265055950653
2022-01-18,158.918,67441440,50.0,163.08653094727686,165.71084360375573,-2.405117313676726,-1.6548846672113977
2022-01-19,156.299,53241920,50.0,161.7290247578215,164.85522145795974,-2.836781092858047,-1.8912639523407275
2022-01-20,151.668,71973320,50.0,159.7168198062572,163.65638314359978,-3.5120757222125576,-2.2154263063150936
2022-01-21,142.643,163971440,12.847621851663519,156.30205584500578,161.7460755850907,-4.7210720760121205,-2.716555460254499
2022-01-24,144.544,156044740,17.067393408384746,153.95044467600465,160.18225053190062,-5.462843326698248,-3.2658130335432487
2022-01-25,139.986,90824660,16.36865503932779,151.15755574080373,158.3462277562733,-6.345349653284842,-3.8817203574915675
2022-01-26,138.872,95601700,17.231979839020795,148.700444592643,156.57584341479392,-7.053326408835204,-4.516041567760295
2022-01-27,139.638,77515800,19.36964980544751,146.8879556741144,155.03603946799447,-7.4665238508323455,-5.106138024374705
2022-01-28,143.978,74391980,27.985304574543747,146.30596453929152,154.03076315272224,-7.358954623327719,-5.556701344165308
2022-01-31,149.574,78307440,37.25116657391158,146.95957163143322,153.6256028661111,-6.744409449375922,-5.794242965207431
2022-02-01,151.194,59219840,34.06729341909944,147.80645730514658,153.404548060101,-6.056838051557577,-5.84676198247746
2022-02-02,150.612,87329760,33.74323330882844,148.36756584411728,153.1506800546373,-5.495546066924334,-5.776518799366835
2022-02-03,138.846,225531360,28.76267517374957,146.46325267529383,151.85025459512482,-5.931758374497434,-5.807566714392955
2022-02-04,157.64,253455860,46.81137639652922,148.69860214023507,152.37659508647712,-4.706685300664418,-5.587390431647248
2022-02-07,157.936,102624380,49.273754585256185,150.54608171218806,152.88199553316102,-3.6696202393916337,-5.203836393196125
2022-02-08,161.414,76040360,53.73537616662041,152.71966536975046,153.65763230287365,-2.5378385504811547,-4.670636824653131
2022-02-09,161.19,68785600,57.43209491102092,154.41373229580037,154.3423930026124,-1.6400627138649213,-4.064522002495489
2022-02-10,159.004,68268120,64.29632477586901,155.3317858366403,154.76617545692037,-1.0923686798907681,-3.4700913379745453
2022-02-11,153.294,77100440,57.168605603801424,154.92422866931227,154.63234132447306,-1.10631359709177,-2.9973357897979906
2022-02-14,155.167,83230700,63.009683777530235,154.97278293544983,154.68094665861187,-0.9552184342481951,-2.5889123186880316
2022-02-15,156.51,56970660,65.05616826578346,155.28022634835986,154.8472242351017,-0.7188194498636449,-2.2148937449231547
2022-02-16,158.1,52704280,65.54092730394964,155.84418107868788,155.1429311228197,-0.3985772888801762,-1.8516304537145591
2022-02-17,154.652,64032500,59.12214131883909,155.6057448629503,155.09830102074517,-0.4181872506295292,-1.5649418130975532
2022-02-18,152.602,63604100,52.754730713246,155.00499589036025,154.8713645643138,-0.5923182776339218,-1.3704171060048271
2022-02-22,150.198,66128240,49.10663030998853,154.0435967122882,154.44651324028527,-0.9137677343737494,-1.2790872316786117
2022-02-23,144.827,64243560,45.22161465646837,152.2002773698306,153.57201203662297,-1.5836581322824657,-1.3400014117993826
2022-02-24,151.358,100785760,61.313248218742096,152.03182189586448,153.3707382151118,-1.5694621975125642,-1.385893568942019
2022-02-25,153.788,62395360,45.05316689782712,152.3830575166916,153.40867110464708,-1.346608263461917,-1.3780365078459986
2022-02-28,153.563,57683420,44.373826004168464,152.61904601335328,153.42270100422462,-1.1746103577132772,-1.3373512778194543
2022-03-01,151.142,44873580,36.41485478495478,152.32363681068264,153.2153645492951,-1.219596495856507,-1.313800321426865
2022-03-02,152.052,47334720,38.13000103917696,152.26930944854612,153.1096041357228,-1.1683509175258848,-1.284710440646669
2022-03-03,147.898,65197200,36.27533366287692,151.3950475588369,152.63582194156618,-1.4462599268962038,-1.317020337896576
2022-03-04,145.641,60983120,39.66006431215713,150.24423804706953,151.9999290377874,-1.8275588951846657,-1.4191280493541938
2022-03-07,137.453,86933860,29.555422187341307,147.68599043765562,150.6774809434431,-2.7586443102803457,-1.6870313015394243
2022-03-08,136.014,91662580,26.39688608411261,145.3515923501245,149.34443722131192,-3.5714816661498503,-2.0639213744615095
2022-03-09,139.279,82656660,29.130907236156375,144.1370738800996,148.42939747391992,-3.907163564154189,-2.4325698124000454
2022-03-10,146.818,135062900,42.03602797657777,144.6732591040797,148.28290679447267,-3.5242344122868587,-2.6509027323774084
2022-03-11,145.524,68900560,42.692244156273226,144.8434072832638,148.03209708588426,-3.287281550712322,-2.7781784960443914
2022-03-14,141.853,74086100,41.60378307676829,144.24532582661104,147.4703609871675,-3.357016128672882,-2.89394602257009
2022-03-15,147.366,75584600,52.54730421173026,144.86946066128883,147.46087362469774,-2.933611411933441,-2.9018791004427604
2022-03-16,153.104,84957680,51.780034254954735,146.51636852903107,147.97388511336158,-2.110720406944637,-2.743647361743136
2022-03-17,157.239,72934840,53.40006699639402,148.66089482322485,148.81616828487415,-1.112093888426955,-2.4173366670799
2022-03-18,161.251,102962760,57.04855508288105,151.1789158585799,149.94660753170376,0.003024824239901136,-1.9332643688159399
2022-03-21,161.492,66537520,59.88425395370159,153.24153268686393,150.99618866518523,0.8958839316086653,-1.367434708731019
2022-03-22,164.889,64086120,61.70340790985178,155.57102614949116,152.25917151380474,1.856193671779522,-0.7227090326289107
2022-03-23,163.408,55811860,64.86486486486484,157.13842091959293,153.27270137618612,2.4692774434600437,-0.08431173741111986
2022-03-24,163.65,56798060,67.95334463164191,158.44073673567436,154.21609216016918,2.940778661232997,0.5207063423177035
2022-03-25,164.773,49085500,81.70109074031095,159.7071893885395,155.17581105469927,3.3662593456849095,1.0898169429911448
2022-03-28,168.99,59853820,85.94662945844594,161.5637515108316,156.43164641336298,3.9976500888231783,1.6713835721575516
2022-03-29,169.315,66153600,84.98415952292206,163.1140012086653,157.60286037578453,4.4726981059392585,2.231646478913893
2022-03-30,166.301,56167260,75.36650782490945,163.75140096693224,158.39360034162232,4.55348275631863,2.6960137343948407
2022-03-31,162.998,59965780,71.6198158962684,163.60072077354582,158.81218212874757,4.301396852697735,3.0170903580554196
2022-04-01,163.56,57089500,79.0955151060236,163.5925766188367,159.24380193522506,4.099706793134942,3.2336136450713244
2022-04-04,168.346,50007960,78.68000874890633,164.54326129506939,160.07127448656826,4.276756384153998,3.4422421928878597
2022-04-05,164.055,53728560,65.58683708616809,164.44560903605552,160.43343135142567,4.024430492397926,3.558679852789873
2022-04-06,158.756,79055760,52.089934698151154,163.30768722884443,160.28093759220516,3.3581645601970536,3.5185767942713095
2022-04-07,157.784,68136780,44.78693651700598,162.20294978307555,160.05394326564104,2.7203531938265826,3.3589320741823645
2022-04-08,154.46,46001660,40.32364597093795,160.65435982646045,159.54540296876456,1.9244798646893457,3.072041632283761
2022-04-11,151.122,52112340,31.025167461476997,158.74788786116838,158.77963906251324,1.0127217878474255,2.660177663396494
2022-04-12,150.788,55177440,32.03814403643614,157.1559102889347,158.05312642046658,0.2601965505741646,2.1801814408320284
2022-04-13,155.541,53390880,39.77195328069421,156.83292823114778,157.82475129133326,0.04680274301733789,1.7535057012690904
2022-04-14,151.706,51598140,34.57370198096946,155.80754258491822,157.2685011739393,-0.4268454280658318,1.317435475402106
2022-04-18,152.785,46513520,29.33826341960983,155.2030340679346,156.86091015812664,-0.7069988905604419,0.9125486022095965
2022-04-19,158.116,54926420,37.33746410076663,155.78562725434767,156.97500923466058,-0.49317041940312834,0.6314047978870516
2022-04-20,153.998,59630020,36.428019856591305,155.42810180347814,156.7043720315096,-0.6485222392154526,0.3754193904665508
2022-04-21,148.296,63969320,34.59684854580506,154.0016814427825,155.9399745740996,-1.2177064599890173,0.056794220375437215
2022-04-22,144.35,73078580,31.2064647413321,152.071345154226,154.88634052190872,-1.9645521433872375,-0.34747505237709775
2022-04-25,146.074,61874980,26.822212046788536,150.87187612338082,154.08521865628066,-2.389772526182014,-0.7559345471380811
2022-04-26,139.391,77529160,25.55018041952499,148.57570089870467,152.74938059661878,-3.2288053329166075,-1.2505087042937864
2022-04-27,138.167,71336300,27.79587170804308,146.49396071896373,151.4237096332898,-3.9470127418064465,-1.7898095117963186
2022-04-28,144.596,117316940,37.27518332690083,146.114368575171,150.80300875753616,-3.951875951144018,-2.2222227996658583
2022-04-29,124.282,272661720,28.071501235285595,141.7478948601368,148.3920079613965,-5.531140563005152,-2.884006352333717
2022-05-02,124.5,148788980,29.73664180240526,138.29831588810944,146.22000723763318,-6.688032887819361,-3.644811659430846
2022-05-03,124.254,79133360,29.776531203316992,135.48945271048757,144.22309748875745,-7.537837041017724,-4.423416735748222
2022-05-04,125.929,110745360,26.31949331456724,133.57736216839007,142.55999771705223,-7.984118505306839,-5.135557089659946
2022-05-05,116.407,144391220,24.12514110627322,130.14328973471206,140.18245247004748,-9.002371863307644,-5.908920044389485
2022-05-06,114.772,124259900,22.361016185088815,127.06903178776966,137.8724113364068,-9.82798492882614,-6.692733021276816
2022-05-09,108.789,128124380,14.47154237312553,123.41302543021574,135.22846485127891,-10.840109297208713,-7.522208276463196
2022-05-10,108.859,105433820,15.474751801257455,120.5022203441726,132.8312407738899,-11.503966175033128,-8.318559856177183
2022-05-11,105.372,109703640,16.017480524415745,117.47617627533808,130.33494615808172,-12.171147875037633,-9.089077459949273
2022-05-12,106.931,132025140,19.21209827379093,115.36714102027047,128.2073146891652,-12.430801367918221,-9.757422241543063
2022-05-13,113.055,93684560,24.666635977228438,114.90471281621639,126.82983153560473,-12.004047821110504,-10.206747357456551
2022-05-16,110.81,74565740,26.4691837776424,114.08577025297312,125.37348321418611,-11.71198680499495,-10.507795246964232
2022-05-17,115.368,76447740,32.20635292281277,114.3422162023785,124.46389383107828,-10.98609299687027,-10.60345479694544
2022-05-18,107.112,108379180,21.556486371638442,112.89617296190279,122.88644893734389,-10.950773426437877,-10.67291852284393
2022-05-19,107.319,88142540,31.475374030796118,111.78073836952224,121.47122630667626,-10.781793439045686,-10.694693506084281
2022-05-20,107.591,99500640,31.556098518728575,110.94279069561779,120.20938755152388,-10.504834264433043,-10.656721657754034
2022-05-23,107.557,107797360,31.702719880772335,110.26563255649424,119.05917050138534,-10.170842497834172,-10.559545825770062
2022-05-24,104.1,102934680,26.977999957813907,109.03250604519539,117.69924591035031,-10.069033079583377,-10.461443276532727
2022-05-25,106.775,93120100,38.12681820423058,108.58100483615632,116.70613264577301,-9.661130736742066,-10.301380768574596
2022-05-26,111.078,93002600,45.72750404811473,109.08040386892506,116.19448422343001,-8.88819151386933,-10.018742917633544
2022-05-27,115.146,93660160,57.69333171971439,110.29352309514006,116.09916747584546,-7.856809598355142,-9.586356253777865
2022-05-31,120.21,144634160,62.255717031246625,112.27681847611206,116.47287952349586,-6.555244740349963,-8.980133951092284
2022-06-01,121.684,127528980,68.4124977424598,114.15825478088965,116.94661774863259,-5.343212504131088,-8.252749661700046
2022-06-02,125.511,100560680,69.95103513443863,116.42880382471172,117.72519795330236,-4.027435538385461,-7.407686837037129
2022-06-03,122.35,97603320,60.659159193596466,117.61304305976938,118.14563450300214,-3.202818992135917,-6.566713268056887
2022-06-06,124.79,135269024,65.96036167686546,119.04843444781551,118.74966773000195,-2.3256086611183377,-5.718492346669177
2022-06-07,123.0,85156712,59.300965194501316,119.83874755825241,119.13606157272905,-1.7546249697385434,-4.925718871283051
2022-06-08,121.18,64926594,70.33418131359853,120.10699804660193,119.3218741570264,-1.4324625338171728,-4.227067603789876
2022-06-09,116.15,67029842,61.202587847266265,119.31559843728155,119.03352196093309,-1.5649852688210473,-3.69465113679611
2022-06-10,109.65,87412245,52.25554849593586,117.38247874982525,118.18047450993916,-2.1694975510170025,-3.3896204196402886
2022-06-13,103.67,99277742,46.23272403031654,114.63998299986022,116.86134046358104,-3.0954317031532383,-3.3307826763428787
2022-06-14,102.31,69728761,48.191626929604794,112.1739863998882,115.53849133052822,-3.894093141970501,-3.443444769468403
2022-06-15,107.67,85011060,50.857657588592666,111.27318911991057,114.82317393684383,-4.047869561078386,-3.5643297277904
2022-06-16,103.66,82186301,42.85136072777735,109.75055129592846,113.80833994258529,-4.442106133757449,-3.73988500898381
2022-06-17,106.22,99772147,41.140622518659676,109.04444103674277,113.11849085689572,-4.496142125072865,-3.8911364322016206
2022-06-21,108.68,70901245,37.9322615758185,108.97155282939423,112.71499168808701,-4.291000612569874,-3.9711092682752716
2022-06-22,108.95,60040131,36.32752104449409,108.96724226351539,112.37271971644273,-4.059838451918566,-3.988855105003931
2022-06-23,112.44,64345300,35.86338171356883,109.66179381081231,112.37883610585702,-3.5540579733237507,-3.901895678667895
2022-06-24,116.46,69867618,43.74601826290083,111.02143504864986,112.74985100532456,-2.796605370740096,-3.680837617082335
2022-06-27,113.22,62133240,37.92023386928377,111.4611480389199,112.79259182302232,-2.4297509912715185,-3.430620291920172
2022-06-28,107.4,75172028,34.9768875192604,110.64891843113593,112.30235620274756,-2.578913503183358,-3.2602789341728093
2022-06-29,108.92,66375341,38.124757845796196,110.30313474490875,111.99486927522506,-2.5451358301435505,-3.1172503133669576
2022-06-30,106.21,97679401,39.91886409736308,109.484507795927,111.4689720683864,-2.705849780552313,-3.034970206804029
2022-07-01,109.56,73021171,49.902491874322855,109.49960623674161,111.29542915307854,-2.5336929065927762,-2.9347147467617787
2022-07-05,113.5,76684414,61.14259805032872,110.2996849893933,111.49584468461686,-2.055636177347054,-2.7588990328788343
2022-07-06,114.33,66958884,63.790729692519506,111.10574799151465,111.75349516783349,-1.5914534273414631,-2.52540991177136
2022-07-07,116.33,57872323,60.76578816509199,112.15059839321172,112.1695410616668,-1.050097102666527,-2.2303473499503936
2022-07-08,115.54,45719694,66.05405405405406,112.82847871456939,112.4759464196971,-0.6770105565232996,-1.919679991264975
2022-07-11,111.75,53540019,57.23253989013864,112.61278297165552,112.40995129063371,-0.679327244798273,-1.6716094419716347
2022-07-12,109.22,54280257,50.70496083550913,111.93422637732442,112.11995571875792,-0.8752240547595989,-1.5123323645292277
2022-07-13,110.4,61353812,51.849018107625604,111.62738110185954,111.96359610796173,-0.9245993439913036,-1.394785760421643
2022-07-14,110.63,51163140,47.48261474269819,111.42790488148765,111.84236009814703,-0.9343993643980184,-1.302708481216918
2022-07-15,113.55,84317816,45.824964131994264,111.85232390519013,111.99760008922458,-0.6984945443246744,-1.1818656938384695
2022-07-18,113.76,59115419,50.8485229415462,112.2338591241521,112.15781826293143,-0.48895664205268474,-1.0432838834813127
2022-07-19,118.21,60990043,67.75041050903118,113.42908729932168,112.70801660266494,0.03576914054848146,-0.8274732786753539
2022-07-20,122.77,71268322,70.67781427291727,115.29726983945736,113.62274236605903,0.810232142409248,-0.4999321944584336
2022-07-21,124.63,60239892,78.21691176470588,117.16381587156589,114.62340215096275,1.5561478032128946,-0.08871619492416799
2022-07-22,122.42,51463797,70.41269841269842,118.21505269725273,115.3321837736025,1.946524485572283,0.3183319411751222
2022-07-25,121.14,50221259,63.24549237170597,118.80004215780218,115.86016706691136,2.1280842853060307,0.680282410001304
2022-07-26,114.81,67075064,50.69889341875365,118.00203372624175,115.76469733355577,1.7411230539258469,0.8924505387862126
2022-07-27,120.97,61582015,56.02597402597403,118.5956269809934,116.23790666686888,1.9095024532271339,1.0958609216743969
2022-07-28,122.28,82245543,58.63659661711942,119.33250158479473,116.78718787897171,2.1241643477996206,1.3015216068994417
2022-07-29,134.95,148892889,74.21711899791231,122.45600126783579,118.438352617247,3.2788519934299245,1.6969876842055385
2022-08-01,135.39,76846908,78.56363239467366,125.04280101426863,119.97941147022455,4.181255681676689,2.1938412836997685
2022-08-02,134.16,61922429,75.90492804186657,126.86624081141491,121.26855588202231,4.742497822819573,2.7035725915237294
2022-08-03,139.52,71827780,78.32908413414398,129.39699264913193,122.92777807456574,5.5557502374150545,3.2740081207019944
2022-08-04,142.57,70585020,78.38419405320815,132.03159411930557,124.71343461324159,6.3729052603897,3.8937875486395357
2022-08-05,140.8,50686865,75.66438876233869,133.78527529544445,126.17584964840144,6.7993041500662486,4.474890868924878
2022-08-08,139.41,52303475,71.36235388956068,134.91022023635557,127.37895422581948,6.945009215766476,4.968914538293198
2022-08-09,137.83,40434715,66.14493996569472,135.49417618908447,128.3290492961995,6.853980316064181,5.345927693847395
2022-08-10,142.69,54773819,68.19097502014507,136.93334095126758,129.63459026927228,7.092245647453396,5.695191284568596
2022-08-11,140.64,44867336,68.41147938561036,137.67467276101405,130.6350820629748,7.034564688884217,5.963065965431721
2022-08-12,143.55,47643484,71.92330268049308,138.84973820881126,131.80916551179527,7.141343827453824,6.198721537836142
2022-08-15,143.18,39014583,81.41749723145074,139.71579056704903,132.8428777379957,7.114104191547369,6.381798068578388
2022-08-16,144.78,59102859,79.329884207933,140.72863245363925,133.92807067090519,7.13932551165999,6.533303557194708
2022-08-17,142.1,48149778,73.61773117254529,141.00290596291143,134.67097333718652,6.863936796515645,6.599430205058896
2022-08-18,142.3,37458737,62.46185147507634,141.26232477032914,135.3645212156241,6.585909321157374,6.596726028278591
2022-08-19,138.23,47792843,54.28743961352657,140.65585981626333,135.625019286931,5.968356064723878,6.4710520355676495
2022-08-22,133.22,50461504,48.72628726287263,139.16868785301068,135.40638116993728,5.016844469914446,6.18021052243701
2022-08-23,133.62,36252103,40.76393237319975,138.05895028240855,135.24398288176116,4.246094992842501,5.793387416518109
2022-08-24,133.8,38626978,34.91572067423466,137.20716022592683,135.11271171069197,3.608201869862029,5.356350307186893
2022-08-25,137.28,37496283,44.28200129954515,137.22172818074148,135.30973791881087,3.3449157835398466,4.954063402457484
2022-08-26,130.75,53322663,37.94543429844099,135.9273825445932,134.89521628982806,2.5796071314807136,4.47917214826213
2022-08-29,129.79,48101638,38.611898016997166,134.69990603567456,134.43110571802552,1.8740279068591121,3.9581432999815265
2022-08-30,128.73,49202990,27.84126984126989,133.50592482853966,133.91282338002318,1.2153088231030438,3.40957640460583
2022-08-31,126.77,53648702,27.921044253422536,132.15873986283174,133.26347580002107,0.5290154233157693,2.833464208347818
2022-09-01,127.82,56636145,23.384094754653134,131.2909918902654,132.7686143636555,0.0690531821910838,2.280582003116471
2022-09-02,127.51,57429829,23.43167175313667,130.53479351221233,132.2905585124141,-0.31683237062387093,1.7610991283684028
2022-09-06,126.11,43888587,18.129054284738842,129.64983480976989,131.72868955674008,-0.7272346428221965,1.263432374130283
2022-09-07,129.48,47834487,28.952635090060056,129.61586784781593,131.52426323340006,-0.7716554014639598,0.8564148190114345
2022-09-08,129.82,43988509,29.28286852589639,129.65669427825276,131.36933021218186,-0.7705416892719938,0.5310235173547488
2022-09-09,133.27,49422259,41.59322033898308,130.3793554226022,131.54211837471078,-0.48567434565410394,0.3276839447529783
2022-09-12,136.45,53826859,55.83664618720635,131.59348433808177,131.98828943155524,-0.003277716373389694,0.2614916125277047
2022-09-13,126.82,72694010,40.78590785907857,130.63878747046542,131.51844493777747,-0.3934994146135864,0.13049340709944648
2022-09-14,128.55,45316772,43.17295188556566,130.22102997637234,131.2485863070704,-0.5567386435526203,-0.006953003030966867
2022-09-15,126.28,52887196,35.23093447905478,129.43282398109787,130.79689664279127,-0.8593706474956946,-0.17743653192391243
2022-09-16,123.53,115667804,39.21099820681411,128.2522591848783,130.13626967526477,-1.3060553155708305,-0.4031602886532961
2022-09-19,124.66,47279727,42.37288135593221,127.53380734790265,129.63842697751343,-1.5509956644550869,-0.6327273638136544
2022-09-20,122.19,47698432,40.667808219178085,126.46504587832213,128.96129725228494,-1.9222623689717437,-0.8906343648452723
2022-09-21,118.54,58498887,38.796624013068346,124.8800367026577,128.0139065929863,-2.4824028084765786,-1.2089880535715336
2022-09-22,117.31,55229190,35.76266594418857,123.36602936212617,127.0408241754421,-2.9910894455988455,-1.565408331976996
2022-09-23,113.78,65126665,32.89309743334164,121.44882348970094,125.83529470494736,-3.637142059348818,-1.9797550774513608
2022-09-26,115.15,62723268,36.33416458852869,120.18905879176076,124.86390427722486,-3.9925719754281346,-2.3823184570467157
2022-09-27,114.41,60094693,29.89057912997066,119.03324703340861,123.91354934293169,-4.284574650699085,-2.7627696957771897
2022-09-28,118.01,55763750,35.502086913822765,118.8285976267269,123.3768630390288,-4.177345126758098,-3.0456847819733714
2022-09-29,114.8,58969714,27.19189923437885,118.02287810138154,122.59714821729891,-4.3017966948754776,-3.296907164553793
2022-09-30,113.0,59479586,20.020455126566148,117.01830248110522,121.72468019754447,-4.493867904142633,-3.5362993124715607
2022-10-03,115.88,50941854,33.09641532756493,116.79064198488419,121.19334563413133,-4.3633952857149865,-3.701718507120246
2022-10-04,121.09,62812564,39.59263392857143,117.65051358790735,121.18395057648303,-3.795835310756388,-3.7205418678474746
2022-10-05,120.95,48217535,42.09433402551173,118.31041087032588,121.1626823422573,-3.3190765234155464,-3.6402487989610894
2022-10-06,120.3,42253755,44.89085732363176,118.70832869626071,121.08425667477935,-2.959575176941499,-3.5041140745571715
2022-10-07,114.56,54677980,36.05742683600223,117.87866295700857,120.4911424316176,-3.1020789633001016,-3.423707052305758
2022-10-10,113.67,42339675,37.702078521939974,117.03693036560688,119.87103857419781,-3.2493730527457245,-3.3888402523937513
2022-10-11,112.21,56432233,40.24653312788906,116.0715442924855,119.17458052199801,-3.444211749003756,-3.3999145517157525
2022-10-12,112.9,45728660,43.08994045753684,115.4372354339884,118.60416411090728,-3.502570137821266,-3.420445668936855
2022-10-13,112.53,86868103,47.82608695652175,114.85578834719072,118.05196737355207,-3.5378928625321606,-3.443935107655917
2022-10-14,106.9,67737344,37.50378673129356,113.26463067775259,117.0381521577746,-3.974366303687063,-3.550021346862146
2022-10-17,113.79,62781985,49.208375893769166,113.36970454220207,116.7428655979769,-3.7214111216438965,-3.5842993018184965
2022-10-18,116.36,65607448,47.83634933123524,113.96776363376166,116.70805963452445,-3.275803373642603,-3.522600116183318
2022-10-19,115.07,47198122,50.37282518641259,114.18821090700933,116.55914512229495,-2.9922553844833004,-3.4165311698433145
2022-10-20,115.25,48795104,53.25238508239376,114.40056872560747,116.44013192935905,-2.721643650703399,-3.277553666015332
2022-10-21,119.32,55660485,54.807154835103404,115.38445498048598,116.70193811759913,-2.1539376638307743,-3.0528304655784204
2022-10-24,119.82,49531523,47.956227872545846,116.27156398438879,116.98539828872647,-1.6447214329325135,-2.7712086590492393
2022-10-25,120.6,50934609,49.44812362030904,117.13725118751104,117.3139984442968,-1.164797361055733,-2.4499263994505385
2022-10-26,115.66,69002457,43.55555555555556,116.84180095000885,117.16363494936073,-1.1695885029066204,-2.193858820141755
2022-10-27,110.96,129605362,44.85125858123569,115.66544076000707,116.59966813578248,-1.5349423775429898,-2.062075531622002
2022-10-28,103.41,223133398,37.67419509851034,113.21435260800567,115.4006073961659,-2.405975272172128,-2.1308554797320274
2022-10-31,102.44,99251395,38.12302455628497,111.05948208640454,114.2223703601508,-3.1383688474835907,-2.3323581532823403
2022-11-01,96.79,153370032,32.52332393143848,108.20558566912365,112.6376094183189,-4.127128841274811,-2.6913122908808345
2022-11-02,92.12,135761798,29.747965866243305,104.98846853529894,110.77237219847173,-5.2273011573075365,-3.1985100641661752
2022-11-03,89.3,136683303,31.504833963850345,101.85077482823915,108.82033836224701,-6.2546464059678755,-3.809737332526516
2022-11-04,90.98,129101336,23.082369601132868,99.67661986259132,107.19848942022455,-6.854251413824613,-4.418640148786135
2022-11-07,90.53,77495728,17.91304347826089,97.84729589007307,105.68317220020414,-7.281813725805534,-4.991274864190015
2022-11-08,89.98,88703370,18.248544672234885,96.27383671205845,104.25561109109466,-7.577689454841234,-5.50855778232026
2022-11-09,86.14,90796249,16.284456798702806,94.24706936964677,102.6087373555406,-8.029470274400921,-6.012740280736392
2022-11-10,96.63,173414862,27.122403710425488,94.72365549571742,102.06521577776418,-7.455116554404668,-6.301215535470048
2022-11-11,100.79,111590544,32.13145539906105,95.93692439657394,101.94928707069471,-6.588313878573928,-6.358635204090824
2022-11-14,98.49,99533072,29.815592477633743,96.44753951725914,101.63480642790428,-6.017590256443583,-6.290426214561377
2022-11-15,98.94,111336317,33.37311058074782,96.94603161380732,101.38982402536753,-5.465968156410483,-6.125534602931198
2022-11-16,97.12,87958828,35.40084388185656,96.98082529104587,101.00165820487958,-5.11668054918897,-5.923763792182753
2022-11-17,94.85,82617865,39.83855650522318,96.55466023283671,100.44241654989052,-4.965795038697024,-5.732170041485608
2022-11-18,94.14,72428185,40.086000955566185,96.07172818626938,99.86946959080957,-4.847627814936146,-5.555261596175716
2022-11-21,92.46,84330270,44.28609131697017,95.34938254901552,99.19588144619051,-4.833820128913388,-5.41097330272325
2022-11-22,93.2,62191962,51.590106007067135,94.91950603921242,98.65080131471863,-4.708884532982012,-5.270555548775003
2022-11-23,94.13,59414684,57.53040224508886,94.76160483136994,98.23981937701694,-4.483149983087273,-5.113074435637458
2022-11-25,93.41,35088609,53.90549662487944,94.49128386509595,97.80074488819722,-4.312638298889553,-4.952987208287877
2022-11-28,93.95,75062316,55.480769230769226,94.38302709207677,97.45067717108839,-4.0868227252430245,-4.779754311678907
2022-11-29,92.42,65567286,53.79117464263517,93.99042167366142,96.99334288280762,-3.9853794954601938,-4.620879348435165
2022-11-30,96.54,102805806,66.01971657424522,94.50033733892914,96.95212989346147,-3.531822782719118,-4.403068035291955
2022-12-01,95.5,68487969,47.54454584963061,94.70026987114332,96.82011808496497,-3.2191863521360062,-4.166291698660766
2022-12-02,94.13,72496388,33.53115727002968,94.58621589691467,96.57556189542271,-3.046845144674762,-3.9424023878635657
2022-12-05,91.01,71535526,32.2243346007605,93.87097271753173,96.06960172311156,-3.1259869890321994,-3.7791193080972927
2022-12-06,88.25,75503628,27.109207708779465,92.7467781740254,95.35872883919234,-3.37253986436599,-3.6978034193510325
2022-12-07,88.46,68086880,30.08279668813246,91.8894225392203,94.73157167199304,-3.5105224320563906,-3.6603472218921045
2022-12-08,90.35,73305887,39.46629213483147,91.58153803137625,94.33324697453912,-3.4278532479727346,-3.6138484271082305
2022-12-09,89.09,67398506,38.475581926061174,91.08323042510101,93.85658815867193,-3.4245329100385504,-3.5759853236942947
2022-12-12,90.55,61999762,45.597049331489174,90.9765843400808,93.55598923515629,-3.266438253138105,-3.514075909583057
2022-12-13,92.49,100212038,48.449104412407145,91.27926747206465,93.45908112286935,-2.9505927156447314,-3.401379270795392
2022-12-14,91.58,70298006,44.42501093135111,91.33941397765172,93.28825556624486,-2.742102990079914,-3.269524014652297
2022-12-15,88.45,84802877,40.18987341772152,90.76153118212137,92.84841415113169,-2.7971939117589812,-3.175057994073634
2022-12-16,87.86,146144064,37.97868140544807,90.18122494569711,92.39492195557426,-2.855544988154165,-3.1111553928897404
2022-12-19,84.92,83531460,35.97606581899775,89.12897995655769,91.7153835959766,-3.103249734752609,-3.1095742612623143
2022-12-20,85.19,74348301,25.207514198339837,88.34118396524615,91.12216690543328,-3.240417274284127,-3.135742863866677
2022-12-21,86.77,59267156,31.37003841229189,88.02694717219691,90.7265153685757,-3.1849170015605637,-3.1455776914054545
2022-12-22,83.79,81431314,29.353035143769944,87.17955773775753,90.09592306234156,-3.3428593291810103,-3.1850340189605655
2022-12-23,85.25,57433655,37.68177929854573,86.79364619020603,89.65538460212868,-3.3120408185795895,-3.2104353788843705
2022-12-27,83.04,57284035,38.58957512045553,86.04291695216483,89.05398600193516,-3.4264475032242814,-3.253637803752353
2022-12-28,81.82,58228575,36.073825503355685,85.19833356173187,88.39635091085015,-3.5743564726385273,-3.317781537529588
2022-12-29,84.18,54995895,37.30974907445496,84.9946668493855,88.01304628259105,-3.4612440529757436,-3.346474040618819
2022-12-30,84.0,62401194,39.04433921653034,84.7957334795084,87.64822389326459,-3.347537809046486,-3.3466867943043526
2023-01-03,85.82,76706040,39.97456549385332,85.00058678360672,87.48202172114962,-3.07511795629226,-3.2923730267019344
2023-01-04,85.14,68885123,33.542319749216304,85.02846942688538,87.26911065559055,-2.880884533692324,-3.2100753281000127
2023-01-05,83.12,67930825,31.953924914675767,84.6467755415083,86.8919187778096,-2.857016358906691,-3.139463534261348
2023-01-06,86.08,83303361,44.90760636012032,84.93342043320663,86.8181079798269,-2.569632274856332,-3.0254972823803454
2023-01-09,87.36,65266056,48.95659432387312,85.41873634656531,86.86737089075173,-2.213081983650426,-2.863014222634362
2023-01-10,89.87,67756601,60.51848703782406,86.30898907725225,87.14033717341066,-1.7082852371654695,-2.6320684255405835
2023-01-11,95.09,103126183,67.3806179775281,88.0651912618018,87.86303379400968,-0.876911316276491,-2.281037003687765
2023-01-12,95.27,85254781,65.69423929098967,89.50615300944145,88.5363943581906,-0.20119771653411078,-1.8650691462570343
2023-01-13,98.12,85549432,76.58627087198515,91.22892240755317,89.40763123471874,0.5578508042501937,-1.3804851561555889
2023-01-17,96.05,72755001,69.59361393323655,92.19313792604254,90.0114829406534,0.981061459517079,-0.9081758330210553
2023-01-18,95.46,79570370,73.93986121819579,92.84651034083403,90.50680267332126,1.2543910445892408,-0.47566245749899616
2023-01-19,93.68,69002663,72.37735849056607,93.01320827266723,90.79527515756477,1.312248798767257,-0.11808020624574556
2023-01-20,97.25,67481539,73.58354384698666,93.86056661813379,91.38206832505888,1.6274108705732147,0.23101800911804654
2023-01-23,97.52,76501103,74.31654676258995,94.59245329450704,91.94006211368989,1.877325190414652,0.5602794453773676
2023-01-24,96.32,66929452,69.31567328918324,94.93796263560563,92.33823828517262,1.956006492963752,0.8394248548946446
2023-01-25,97.18,94261570,72.0029239766082,95.38637010848451,92.77839844106603,2.06396470444281,1.0843328248042778
2023-01-26,99.22,68523557,79.40102264426588,96.15309608678763,93.36399858278729,2.287761426206245,1.3250185450846712
2023-01-27,102.24,87775614,79.44606413994168,97.37047686943012,94.1709078025339,2.6779410637564496,1.5956030488190271
2023-01-30,100.55,70691860,73.68043087971274,98.0063814955441,94.75082527503082,2.818304699287168,1.8401433789126553
2023-01-31,103.13,66527253,73.74641833810888,99.03110519643529,95.51256843184619,3.101970741947568,2.092508851519638
2023-02-01,105.15,80450121,70.34789644012946,100.25488415714824,96.38869857440562,3.45000572418067,2.3640082260518445
2023-02-02,112.91,158154243,77.30650154798762,102.7859073257186,97.89063506764147,4.3023977390449915,2.751686128650474
2023-02-03,103.39,144374828,56.76161149602259,102.90672586057488,98.39057733421951,4.16176586762478,3.0337020764453353
2023-02-06,102.18,81945199,58.042508527945444,102.76138068845992,98.73507030383593,3.907632454202968,3.208488151996862
2023-02-07,102.11,119501301,58.84543761638736,102.63110455076794,99.04188209439629,3.6584096094513825,3.2984724434877664
2023-02-08,100.05,75878304,58.41035120147873,102.11488364061437,99.1335291767239,3.2571277839684996,3.290203511583913
2023-02-09,98.24,64622489,51.37081140958183,101.3399069124915,99.05229925156718,2.7612274616218713,3.184408301591505
2023-02-10,97.61,52740133,50.12338908692076,100.59392552999321,98.92118113778834,2.290978178169425,3.0057222769070893
2023-02-13,99.54,52841464,54.327956989247326,100.38314042399458,98.97743739798939,2.05040135292127,2.8146580921099256
2023-02-14,99.7,56202898,53.45205479452054,100.24651233919566,99.04312490726308,1.851312371853112,2.621988948058563
2023-02-15,101.16,48053879,52.70044543429844,100.42920987135653,99.23556809751189,1.7907006360093476,2.4557312856487203
2023-02-16,98.15,56339173,44.305207463102214,99.97336789708524,99.13688008864716,1.482692003812545,2.2611234292814855
2023-02-17,97.2,60029405,45.23741825419392,99.4186943176682,98.96080008058833,1.148694448629172,2.0386376331510228
2023-02-21,94.58,56580360,37.8585629082647,98.45095545413456,98.56254552780756,0.6649220683729311,1.7638945201954044
2023-02-22,95.79,59534094,36.395348837209305,97.91876436330766,98.3104959343705,0.3748448807833,1.4860845923129837
2023-02-23,95.82,48466994,17.960254968128964,97.49901149064614,98.0840872130641,0.14569785482807163,1.2180072448160013
2023-02-24,93.5,57053812,24.601951720595764,96.69920919251692,97.66735201187645,-0.2205648903485553,0.93029281778309
2023-02-27,93.76,47470321,27.267818574514024,96.11136735401354,97.31213819261495,-0.4842685808390996,0.6473805380586521
2023-02-28,94.23,43959290,29.1754756871036,95.73509388321084,97.03194381146814,-0.6478624285927879,0.3883319447283641
2023-03-01,92.17,52299524,29.1754756871036,95.02207510656866,96.58994891951649,-0.9329816833446216,0.12406921911376695
2023-03-02,92.13,55574820,32.18658892128279,94.44366008525493,96.18449901774225,-1.1489243281405521,-0.13052949033709688
2023-03-03,94.9,55759609,42.975635044064305,94.53492806820395,96.06772637976569,-1.084048345252583,-0.32123326132019414
2023-03-06,93.75,52112355,34.35980551053483,94.37794245456317,95.85702398160518,-1.1126036481722394,-0.47950733869060325
2023-03-07,93.55,49100668,33.42318059299191,94.21235396365054,95.64729452873198,-1.1382512086001952,-0.6112561126725217
2023-03-08,93.92,44899128,29.266895761741168,94.15388317092044,95.49026775339271,-1.115858257840344,-0.7121765417060861
2023-03-09,92.25,56218705,31.699751861042202,93.77310653673635,95.19569795762975,-1.218816962996101,-0.8135046259640891
2023-03-10,90.73,69827490,30.617136009586616,93.16448522938909,94.78972541602704,-1.4068465244372845,-0.9321730056587283
2023-03-13,92.43,72397053,43.183259353202324,93.01758818351128,94.57520492366095,-1.4025181577665506,-1.0262420360802929
2023-03-14,94.88,60912674,47.32510288065841,93.39007054680903,94.60291356696449,-1.1877022789474125,-1.0585340846537168
2023-03-15,96.2,70731792,51.03825136612024,93.95205643744723,94.748103242695,-0.9005650259814502,-1.0269402729192634
2023-03-16,100.04,84558934,66.49848637739655,95.16964514995777,95.22918476608636,-0.35901230612513757,-0.8933546795604382
2023-03-17,98.95,87300242,62.56658595641644,95.92571611996622,95.56744069644215,-0.01757912326192468,-0.7181995683007356
2023-03-20,97.71,62388911,58.123249299719845,96.28257289597299,95.7622188149474,0.1512084601581023,-0.5443179626089681
2023-03-21,100.61,58597275,68.95777178796043,97.1480583167784,96.20292619540672,0.5130653023229996,-0.3328413096225746
2023-03-22,98.7,57475365,63.61375880646498,97.45844665342273,96.42993290491519,0.6383598048473544,-0.13860108672858876
2023-03-23,98.71,57559310,58.91436593355167,97.7087573227382,96.63721173174108,0.7300479785647411,0.035128726330077215
2023-03-24,98.13,56144801,60.52884615384614,97.79300585819057,96.77291975612825,0.7472960009522751,0.1775621812545168
2023-03-27,98.04,46721296,60.8506524891252,97.84240468655247,96.88810886920749,0.7451137278832363,0.29107249058026075
2023-03-28,97.24,38720050,57.85984848484847,97.721923749242,96.92009897200681,0.6710949814287659,0.36707698874996175
2023-03-29,100.25,49783279,67.80943900267141,98.2275389993936,97.22281724727891,0.845569240116248,0.46277543902321905
2023-03-30,102.0,53633398,74.83472895548698,98.98203119951489,97.65710658843537,1.11223061954243,0.5926664751270613
2023-03-31,103.29,56750317,74.37163375224415,99.84362495961192,98.16918780766852,1.4113843428017958,0.7564100486620082
2023-04-03,102.41,41135733,68.17962337035246,100.35689996768954,98.55471618878957,1.5594804582579656,0.9170241305811998
2023-04-04,103.95,48662496,68.5140946010511,101.07551997415165,99.04519653526324,1.7805873241195371,1.0897367692888673
2023-04-05,101.1,45175393,52.65797392176526,101.08041597932132,99.23199685023931,1.7061771782946096,1.213024851090016
2023-04-06,102.06,43808020,57.84957092377585,101.27633278345706,99.4890880456721,1.7050162130096282,1.3114231234739384
2023-04-10,102.17,37261185,61.937901498929335,101.45506622676565,99.73280731424737,1.6934511694044687,1.3878287326600445
2023-04-11,99.92,60417847,48.08652246256241,101.14805298141252,99.74982483113396,1.4856044694926709,1.4073838800265697
2023-04-12,97.83,56735007,47.611202635914324,100.48444238513002,99.57529530103088,1.1391080012484878,1.3537287042709534
2023-04-13,102.4,67925138,58.10276679841898,100.86755390810403,99.8320866373008,1.2192135261141743,1.3268256686395976
2023-04-14,102.51,51450522,59.82062780269058,101.19604312648323,100.07553330663708,1.2768550225062256,1.3168315394129233
2023-04-17,102.74,39919457,60.47237076648837,101.5048345011866,100.31775755148826,1.325812263012736,1.3186276841328861
2023-04-18,102.3,39790518,61.45833333333332,101.66386760094929,100.49796141044386,1.313960388617403,1.3176942250297896
2023-04-19,104.3,58398890,59.61082107261507,102.19109408075944,100.8436012822217,1.4492449840214334,1.3440043768281185
2023-04-20,103.81,57696866,54.56839979808178,102.51487526460755,101.11327389292882,1.499633256955974,1.3751301528536897
2023-04-21,106.96,86774185,58.46792801107519,103.40390021168605,101.6447944481171,1.7733034621673056,1.454764814716413
2023-04-24,106.21,69575610,58.82079851439182,103.96512016934885,102.0598131346519,1.9076797943167207,1.5453478106364746
2023-04-25,102.57,65026818,47.081218274111656,103.68609613547908,102.10619375877445,1.700850085381731,1.576448265585526
2023-04-26,104.98,73803790,58.36206896551727,103.94487690838326,102.36744887161313,1.7116718224226304,1.603492976952947
2023-04-27,109.82,149961167,64.32791728212703,105.11990152670661,103.0449535196483,2.086741025831614,1.7001425867286806
2023-04-28,105.45,130715946,55.232929164007665,105.1859212213653,103.26359410877119,2.0082141507152045,1.7617568995259854
2023-05-01,102.05,74728096,53.27793167128347,104.55873697709225,103.15326737161017,1.6525795431372217,1.7399214282482327
2023-05-02,103.63,73469350,59.06816760475297,104.3729895816738,103.19660670146379,1.481155511067442,1.6881682448120747
2023-05-03,103.65,65051925,52.27852716004375,104.22839166533906,103.23782427405799,1.3315651097470607,1.616847617799072
2023-05-04,104.0,45345523,52.692446693169494,104.18271333227125,103.30711297641635,1.2271103496271252,1.5389001641646827
2023-05-05,105.655,56951744,55.00945179584122,104.477170665817,103.52055725128758,1.2633112030986524,1.4837823719514767
2023-05-08,105.83,49430909,56.12209503988902,104.7477365326536,103.73050659207962,1.2912371002276473,1.445273317606711
2023-05-09,106.62,44089359,54.19985517740769,105.12218922612288,103.99318781098147,1.3614213546708527,1.4285029250195393
2023-05-10,110.19,78627616,60.39087947882736,106.13575138089831,104.55653437361951,1.6856805699221127,1.4799384540000542
2023-05-11,112.18,74924841,58.835477318889666,107.34460110471866,105.24957670329047,2.079266216401919,1.5998040064804273
2023-05-12,110.26,49852671,56.59394334093131,107.92768088377494,105.70506973026407,2.2107733044826574,1.7219978660808735
2023-05-15,111.2,53011145,65.40521242413425,108.58214470701995,106.20460884569461,2.3635976805632026,1.8503178289773394
2023-05-16,113.4,71472908,65.14388489208633,109.54571576561597,106.85873531426783,2.631894867742403,2.006633236730352
2023-05-17,115.5,65655177,61.33280127693536,110.73657261249278,107.64430483115257,2.979627480287448,2.201232085441771
2023-05-18,118.15,73174087,77.2065124250214,112.21925808999424,108.59936802832053,3.429507704016032,2.4468872091566234
2023-05-19,116.25,55056307,82.50915750915749,113.0254064719954,109.29488002574593,3.591328304327419,2.6757754281907826
2023-05-22,115.01,70741123,76.46511627906978,113.42232517759632,109.81443638704174,3.5782666287385894,2.856273668300344
2023-05-23,114.99,67576262,76.37209302325577,113.73586014207707,110.28494217003794,3.5256597133486167,2.9901508773099983
2023-05-24,116.75,63487938,77.82627673505017,114.33868811366168,110.87267470003448,3.5846638712242935,3.1090534760928574
2023-05-25,115.0,66496681,70.31080199956529,114.47095049092934,111.24788609094043,3.450440190115785,3.177330818897443
2023-05-26,120.11,96779889,75.55476020042947,115.59876039274349,112.05353280994584,3.7135932583057922,3.2845833067791133
2023-05-30,121.66,64314808,76.20209059233446,116.8110083141948,112.92684800904166,4.001093887134957,3.427885422850282
2023-05-31,120.58,72800787,69.820679130103,117.56480665135584,113.62258909912879,4.094593309868529,3.5612270002539317
2023-06-01,122.77,54375131,70.0492237788716,118.60584532108467,114.45417190829889,4.295886666028792,3.708158933408904
2023-06-02,124.25,61264414,76.93492491336156,119.73467625686774,115.34470173481716,4.522701840615554,3.8710675148502345
2023-06-05,125.3,47950128,77.03220858895703,120.8477410054942,116.24972884983379,4.732625959273392,4.043379203734866
2023-06-06,126.61,45695212,76.2207225089321,122.00019280439537,117.19157168166709,4.9476647877457935,4.224236320537052
2023-06-07,121.23,95663275,60.063224446786094,121.84615424351631,117.55870152878825,4.630585068882326,4.305506070206107
2023-06-08,124.25,62159270,60.57558945908459,122.32692339481306,118.1670013898075,4.570302268417976,4.358465309848481
2023-06-09,123.43,51396018,62.932276657060534,122.54753871585046,118.6454558089159,4.405575831946848,4.3678874142681545
2023-06-12,126.57,51473376,69.48752528658125,123.35203097268038,119.36586891719627,4.476794996170952,4.389668930648714
2023-06-13,126.66,50564785,69.62663975782041,124.0136247781443,120.0289717429057,4.488755367045428,4.409486217928057
2023-06-14,126.42,52422463,67.13931230060265,124.49489982251545,120.60997431173246,4.427826821524903,4.413154338647427
2023-06-15,127.11,60458471,72.30202578268879,125.01791985801236,121.2008857379386,4.384673951712259,4.407458261260393
2023-06-16,125.49,84247104,61.36939983093829,125.1123358864099,121.59080521630781,4.171666159674288,4.360299840943172
2023-06-20,125.78,56930122,59.19642857142859,125.24586870912793,121.97164110573438,3.9803732609587854,4.2843145249462955
2023-06-21,124.83,52137670,59.54198473282444,125.16269496730234,122.23149191430397,3.709356052438565,4.16932283044475
2023-06-22,130.15,90354572,64.52755905511813,126.16015597384188,122.95135628573088,3.8791362331997874,4.111285510995757
2023-06-23,129.33,71927776,60.26677445432502,126.79412477907351,123.53123298702808,3.902535107207015,4.069535430238009
2023-06-26,127.33,59989317,53.95095367847412,126.90129982325882,123.8765754427528,3.7168500642530375,3.998998357041015
2023-06-27,129.18,46801008,54.898970644300434,127.35703985860707,124.3587049479571,3.676591411633808,3.9345169679595733
2023-06-28,129.04,52149512,68.60409718913763,127.69363188688567,124.78427722541554,3.5919831634377175,3.8660102070552025
2023-06-29,127.9,40760959,59.54997383568813,127.73490550950854,125.06752475037776,3.393820197888786,3.7715722052219194
2023-06-30,130.36,54350684,66.6987951807229,128.25992440760683,125.54865886397978,3.396127615787634,3.6964832873350626
2023-07-03,130.22,28264785,60.28169014084505,128.65193952608547,125.97332623998162,3.3480650216538095,3.6267996341988122
2023-07-05,130.38,35895409,60.4377104377104,128.9975516208684,126.37393294543783,3.285018088681099,3.55844332509527
2023-07-06,128.36,40697848,54.94897959183675,128.87004129669472,126.55448449585258,3.037046638760259,3.454163987828268
2023-07-07,129.78,41992251,56.56665027053615,129.05203303735578,126.8477131780478,2.9214331479247306,3.3476178198475606
2023-07-10,127.13,61889289,53.83895131086141,128.66762642988465,126.87337561640709,2.5861640807695494,3.195327072031959
2023-07-11,128.78,49951460,56.602112676056336,128.69010114390773,127.04670510582461,2.4256408619924628,3.04138983002406
2023-07-12,130.8,54022847,62.54728877679698,129.1120809151262,127.38791373256782,2.433371777628764,2.919786219545001
2023-07-13,134.3,61170883,59.4446973145198,130.14966473210097,128.0162852114253,2.690900309507583,2.874009037537518
2023-07-14,134.68,54487090,62.42452392011144,131.0557317856808,128.6220774649321,2.892315537509404,2.8776703375318955
2023-07-17,133.56,48450198,65.08474576271186,131.55658542854462,129.07097951357463,2.927813900901043,2.8876990502057254
2023-07-18,132.83,54969133,59.34459805427549,131.81126834283572,129.4127086487042,2.864026990157697,2.88296463819612
2023-07-19,135.36,54531037,64.41605839416064,132.5210146742686,129.953371498822,2.98323636789263,2.903018984135422
2023-07-20,129.96,59820579,53.93430099312453,132.0088117394149,129.9539740898382,2.6118678020964126,2.84478874772762
2023-07-21,130.0,133307294,49.242424242424214,131.60704939153192,129.95815826348928,2.2943355320042826,2.734698104582953
2023-07-24,128.8,45671535,47.13940370668818,131.04563951322552,129.8528711486266,1.9236839183195116,2.5724952673302646
2023-07-25,129.13,39236663,47.49899959983994,130.66251161058042,129.78715558966056,1.6376898173605525,2.3855341773363223
2023-07-26,128.15,53910087,49.561586638830875,130.16000928846435,129.63832326332778,1.3167805950438662,2.1717834608778315
2023-07-27,128.25,52610661,46.61953159522756,129.77800743077148,129.5121120575707,1.058327151974737,1.9490921990972128
2023-07-28,132.21,46317381,60.60985797827907,130.26440594461718,129.75737459779154,1.1596718657869758,1.7912081324351656
2023-07-31,133.68,41901516,60.31144781144784,130.94752475569373,130.1139769070832,1.3431223183089571,1.701590969609924
2023-08-01,131.69,42298925,51.87526337968813,131.096019804555,130.25725173371202,1.3127986293354752,1.6238325015550343
2023-08-02,128.21,51027614,37.157317587515784,130.518815843644,130.0711379397382,0.9964732476116751,1.4983606507663627
2023-08-03,128.91,91163736,37.99417394923009,130.19705267491523,129.96557994521655,0.7931246066872291,1.357313441950536
2023-08-04,139.57,153128470,58.951444742329464,132.07164213993218,130.83870904110594,1.475137784234306,1.38087831040729
2023-08-07,142.22,71213112,63.229078613694,134.10131371194575,131.87337185555086,2.2040639172500107,1.5455154317758342
2023-08-08,139.94,51710497,56.49829738933029,135.2690509695566,132.60670168686443,2.5681620110115944,1.7500447476229863
2023-08-09,137.85,50017349,62.355151894769804,135.78524077564526,133.08336516987674,2.657433600015537,1.9315225181014966
2023-08-10,138.56,58928402,63.12883435582824,136.34019262051623,133.58124106352432,2.753729761200816,2.0959639667213605
2023-08-11,138.41,42905833,65.22979397781299,136.754154096413,134.02021914865847,2.7858281238251834,2.233936798142125
2023-08-14,140.57,47148699,67.13600958657878,137.5173232771304,134.61565377150768,2.9515367768917997,2.37745679389206
2023-08-15,137.67,42781521,63.48441926345606,137.54785862170434,134.89332161046153,2.816390715597663,2.4652435782331805
2023-08-16,135.07,41675903,59.02116402116401,137.05228689736347,134.90938328223774,2.4710040212436013,2.4663956668352647
2023-08-17,133.98,48354085,52.53363870598337,136.43782951789078,134.8248938929434,2.085290753345191,2.39017468413725
2023-08-18,133.22,48497698,49.32787843366451,135.79426361431263,134.67899444813037,1.698702970765595,2.251880341462919
2023-08-21,134.68,41442483,54.437518551498975,135.5714108914501,134.6790858619367,1.492929602980837,2.100090193766503
2023-08-22,134.25,32935104,59.85639686684072,135.3071287131601,134.6400780563061,1.2803957153661827,1.936151298086439
2023-08-23,135.52,42801043,60.58955462992632,135.34970297052809,134.72007096027826,1.2005996983989746,1.7890409781489462
2023-08-24,131.84,43646250,34.0486999587289,134.64776237642246,134.4582463275257,0.8308381500811208,1.5974004125353813
2023-08-25,133.26,44147451,30.52173913043478,134.37020990113797,134.34931484320518,0.6449470435633202,1.406909738740969
2023-08-28,133.14,34108410,33.685220729366605,134.1241679209104,134.2393771301865,0.4823833898122132,1.2220044689552179
2023-08-29,134.91,38646093,42.83625730994154,134.28133433672832,134.3003428456241,0.4907180384138883,1.075747182846952
2023-08-30,135.07,36137015,41.26189283925888,134.43906746938268,134.37031167784008,0.5044193381626485,0.9614816139100915
2023-08-31,138.01,58781314,49.12126537785588,135.15325397550615,134.70119243440007,0.7439355207217773,0.9179723952724287
2023-09-01,138.12,40991536,44.08498309995175,135.74660318040492,135.01199312218188,0.9318876806102878,0.9207554523400006
2023-09-05,137.27,40636738,48.92818863879963,136.05128254432395,135.21726647471078,1.0007175759006088,0.9367478770521223
2023-09-06,135.36,41785507,50.80690038953818,135.91302603545915,135.23024224973707,0.890875270775922,0.9275733557968823
2023-09-07,137.85,48498912,59.989674754775436,136.30042082836732,135.4684020452155,0.9932965386038575,0.9407179923582774
2023-09-08,138.23,38365929,63.19115323854657,136.68633666269386,135.71945640474135,1.092534893299785,0.971081372546579
2023-09-11,143.1,56764525,68.79464285714283,137.9690693301551,136.39041491340123,1.5463252293914707,1.0861301439155575
2023-09-12,141.23,42668452,64.63926174496642,138.6212554641241,136.8303771940011,1.7350632393847434,1.2159167630093948
2023-09-13,144.85,60465175,67.81214203894613,139.8670043712993,137.55943381272826,2.1519370279620205,1.40312081599992
2023-09-14,144.72,64033607,78.4452296819788,140.83760349703942,138.2103943752075,2.4436536768135966,1.6112273881626553
2023-09-15,140.39,102909327,63.95303326810175,140.74808279763155,138.4085403410977,2.298945596263536,1.7487710297828316
2023-09-18,139.98,42823480,63.235294117647065,140.59446623810524,138.5514003100888,2.1266649565588978,1.824349815138045
2023-09-19,137.63,61482470,55.14761544284633,140.0015729904842,138.46763664553526,1.77998736184378,1.8154773244791922
2023-09-20,135.29,46263716,50.38461538461539,139.05925839238736,138.17876058685025,1.3014224387838453,1.712666347340123
2023-09-21,129.33,70343342,36.274509803921596,137.1134067139099,137.37432780622748,0.4362057903604466,1.4573742359441877
2023-09-22,129.12,59904348,35.81336696090793,135.51472537112795,136.6239343692977,-0.2633936440494722,1.1132206599454557
2023-09-25,131.27,46017825,40.914597213809806,134.66578029690237,136.13721306299792,-0.6370012505637703,0.7631762778436106
2023-09-26,125.98,73048207,37.1153846153846,132.92862423752192,135.21383005727083,-1.3444487912736918,0.3416512640201502
2023-09-27,125.98,66553449,32.49778826304927,131.53889939001755,134.3743909611553,-1.8833954537526836,-0.10335807953441656
2023-09-28,125.98,54554968,31.7327766179541,130.42711951201406,133.6112645101412,-2.2841839163359623,-0.5395232468947257
2023-09-29,127.12,62411730,23.18791946308727,129.76569560961124,133.02114955467383,-2.481221214185126,-0.927862840352806
2023-10-02,129.46,48029744,30.558308556326423,129.704556487689,132.69740868606712,-2.4206524735919004,-1.2264207670006249
2023-10-03,124.72,51564991,17.935648295635573,128.7076451901512,131.97218971460646,-2.723732207046311,-1.5258830550097622
2023-10-04,127.0,44203870,23.583780560524758,128.36611615212095,131.52017246782404,-2.748267813518595,-1.7703600067115288
2023-10-05,125.96,39660643,26.14876033057854,127.88489292169677,131.0147022434764,-2.81913453866332,-1.9801149131018871
2023-10-06,127.96,46836698,31.124371859296502,127.89991433735743,130.737002039524,-2.6829858527947863,-2.120689101040467
2023-10-09,128.26,38773738,34.273246055723405,127.97193146988594,130.5118200359309,-2.5218096931793355,-2.200913219468241
2023-10-10,129.48,42178619,39.86745727241019,128.27354517590877,130.41801821448263,-2.269471565923027,-2.2146248887591984
2023-10-11,131.83,40741842,54.98802873104548,128.98483614072703,130.5463801949842,-1.8584434426774976,-2.1433885995428583
2023-10-12,132.33,55528581,56.33136094674557,129.65386891258163,130.70852744998564,-1.4753479792495057,-2.0097804754841877
2023-10-13,129.79,45824685,47.12509712509709,129.6810951300653,130.6250249545324,-1.3610099611307191,-1.880026372613494
2023-10-16,132.55,42832918,64.1533821628608,130.25487610405224,130.80002268593853,-1.0357478676059486,-1.711170671611985
2023-10-17,131.47,49344550,61.300946891724934,130.4979008832418,130.86092971448957,-0.855263345697864,-1.539989206429161
2023-10-18,128.13,42699479,53.89069851610565,130.02432070659344,130.6126633768087,-0.970550249095254,-1.4261014149623796
2023-10-19,128.4,60961355,52.39162929745889,129.69945656527477,130.41151216073519,-1.0282758828214753,-1.3465363085341988
2023-10-20,125.17,56406410,42.24231464737796,128.79356525221982,129.9350110552138,-1.3194480929167298,-1.341118665410705
2023-10-23,126.56,48259953,53.78600823045266,128.34685220177587,129.62819186837618,-1.42165483196095,-1.3572258987207542
2023-10-24,128.56,46477355,53.247293921731874,128.3894817614207,129.53108351670562,-1.3259859826997342,-1.3509779155165502
2023-10-25,121.39,74577544,42.421227197346624,126.98958540913658,128.79098501518692,-1.8078866166666074,-1.4423596557465617
2023-10-26,119.57,100419516,36.00266933600272,125.50566832730927,127.95271365016993,-2.31002658212023,-1.6158930410212955
2023-10-27,127.74,125309313,49.312896405919666,125.95253466184742,127.93337604560902,-2.025378103975669,-1.6977900536121704
2023-10-30,132.71,72485542,53.88314498677568,127.30402772947795,128.36761458691728,-1.3828144461248115,-1.6347949321146986
2023-10-31,133.09,51589380,51.59010600706712,128.46122218358238,128.79692235174298,-0.8333094213570291,-1.4744978299631648
2023-11-01,137.0,61529409,55.42644666511733,130.16897774686592,129.5426566834027,-0.0813803059822078,-1.1958743251669735
2023-11-02,138.07,52236693,59.96150144369585,131.74918219749273,130.31786971218426,0.5940214830548598,-0.8378951635226068
2023-11-03,138.6,44059805,57.691329773709604,133.11934575799418,131.07079064744025,1.158692155570435,-0.4385776997039985
2023-11-06,139.74,44970417,60.4975882203605,134.44347660639536,131.85890058858206,1.6788336550561667,-0.015095428751965512
2023-11-07,142.71,53553537,68.68272680676576,136.0967812851163,132.84536417143823,2.3041429933421114,0.4487522556668499
2023-11-08,142.08,44521658,67.36922295581513,137.29342502809305,133.6848765194893,2.7175432670038333,0.9025104579342467
2023-11-09,140.6,36235367,70.50225883603505,137.95474002247445,134.31352410862664,2.8924005381974496,1.3004884739868874
2023-11-10,143.56,49349937,71.68367346938774,139.07579201797955,135.1541128260242,3.2325605023725075,1.6869028796640115
2023-11-13,142.59,35680570,68.37830757139113,139.77863361438364,135.8301025691129,3.384850383109409,2.0264923803530914
2023-11-14,145.8,56674551,85.67670271850332,140.98290689150693,136.73645688101175,3.721660399263868,2.365525984135247
2023-11-15,143.2,63875720,83.76679051157467,141.42632551320554,137.32405171001068,3.735723398823467,2.639565467072891
2023-11-16,142.83,49653512,77.74917248988598,141.70706041056445,137.82459246364607,3.6746534024804305,2.846583054154399
2023-11-17,145.18,49678437,75.37647537647536,142.40164832845159,138.49326587604187,3.772394534662027,3.0317453502559246
2023-11-20,146.13,41978766,75.93476531424022,143.14731866276128,139.18751443276534,3.8817655694520283,3.201749394095146
2023-11-21,143.9,71225992,64.70588235294119,143.29785493020904,139.61592221160487,3.7453267440658635,3.3104648640892895
2023-11-22,146.71,45700002,67.14285714285717,143.98028394416724,140.26083837418625,3.819907986352291,3.41235348854189
2023-11-24,146.74,22378379,66.47773279352228,144.5322271553338,140.84985306744204,3.837202031034195,3.4973231970403513
2023-11-27,147.73,53762428,66.27291242362523,145.17178172426705,141.47532097040187,3.8859970571407416,3.57505796906043
2023-11-28,147.03,42711682,59.6947935368043,145.54342537941363,141.98029179127442,3.8241014558607844,3.624866666420501
2023-11-29,146.32,40610907,59.481216457960606,145.6987403035309,142.3748107193404,3.6753900707455784,3.6349713472855165
2023-11-30,146.09,65814022,63.003315963998155,145.77699224282475,142.71255519940036,3.4986459363021254,3.6077062650888383
2023-12-01,147.03,39951833,59.08852802514407,146.02759379425981,143.10505018127304,3.3952863331192873,3.5652222786949284
2023-12-04,144.84,48294244,55.53914327917283,145.79007503540788,143.26277289206638,3.100913010590091,3.472360425073961
2023-12-05,146.88,46822411,52.82131661442003,146.0080600283263,143.59161172006034,2.9976756438154837,3.3774234688222657
2023-12-06,144.52,39678960,53.49206349206357,145.71044802266104,143.6760106546003,2.69436801293719,3.2408123776452507
2023-12-07,146.88,52352830,59.69363331737674,145.94435841812884,143.96728241327298,2.614290888882266,3.115508079892654
2023-12-08,147.42,41905965,55.87002096436057,146.2394867345031,144.28116583024817,2.56483683568959,3.0053738310520415
2023-12-11,145.89,50907288,49.38962360122073,146.16958938760246,144.42742348204376,2.3748105907586705,2.8792611829933676
2023-12-12,147.48,44944264,59.4111461619348,146.43167151008197,144.7049304382216,2.3257038679124378,2.768549719977182
2023-12-13,148.84,52766196,56.06146841206604,146.91333720806557,145.08084585292872,2.369216220464068,2.688683020074559
2023-12-14,147.42,58400848,51.79324894514763,147.01466976645247,145.2934962299352,2.263031126645984,2.6035526413888443
2023-12-15,149.97,110089342,55.458089668616005,147.60573581316197,145.71863293630472,2.35746695198344,2.5543355035077635
2023-12-18,154.07,62512828,64.71571906354515,148.89858865052958,146.47784812391336,2.731654941042848,2.5897993910147807
2023-12-19,153.79,43171292,65.90038314176246,149.87687092042367,147.14258920355758,2.971356015764144,2.6661107159646535
2023-12-20,152.12,50322106,62.09386281588449,150.32549673633895,147.59508109414327,2.992075022844773,2.7313035773406775
2023-12-21,153.84,36305733,63.24387397899651,151.02839738907116,148.1628009946757,3.1114181193000547,2.807326485732553
2023-12-22,153.42,29514093,67.91979949874684,151.50671791125694,148.6407281769779,3.1359585154481806,2.8730528916756786
2023-12-26,153.41,25067222,64.90187129164765,151.88737432900558,149.07429834270715,3.118650181769965,2.922172349694536
2023-12-27,153.34,31434733,72.47706422018346,152.17789946320448,149.46208940246103,3.0639653028850944,2.950530940332648
2023-12-28,153.38,27057002,68.78612716763004,152.4183195705636,149.81826309314638,2.9893949242386952,2.9583037371138574
2023-12-29,151.94,39823204,62.41758241758243,152.32265565645088,150.01114826649672,2.782031864909044,2.923049362672895
2024-01-02,149.93,47339424,60.81370449678806,151.8441245251607,150.00377115136064,2.4275219823583427,2.823943886609985
2024-01-03,148.47,49425495,52.66846361185986,151.16929962012858,149.86433741032786,2.0056407697347822,2.6602832632349442
2024-01-04,144.57,56039807,39.87671882408721,149.84943969610288,149.38303400938898,1.3411396399615114,2.3964545385802576
2024-01-05,145.24,45153147,44.64110127826947,148.9275517568823,149.00639455399,0.8586827475185146,2.0889001803679093
2024-01-08,149.1,46757053,47.9907621247113,148.96204140550586,149.0149041399909,0.7788241252623607,1.8268849693467997
2024-01-09,151.37,43812567,43.18869828456108,149.4436331244047,149.22900376362807,0.8884639610986085,1.6392007676971616
2024-01-10,153.73,44421830,49.863013698630134,150.30090649952376,149.63818523966188,1.1525012802170238,1.5418608702011343
2024-01-11,155.18,49072691,57.057195571955724,151.27672519961902,150.1419865815108,1.4619037236264205,1.5258694408861917
2024-01-12,154.62,40484155,51.90058479532165,151.94538015969522,150.54907871046436,1.6429808092192388,1.5492917145528011
2024-01-16,153.16,41384636,49.39703153988871,152.18830412775617,150.78643519133124,1.6496596562310515,1.5693653028884513
2024-01-17,151.71,34953363,46.304347826086975,152.09264330220495,150.87039562848292,1.5204233152148845,1.559576905353738
2024-01-18,153.5,37850245,50.323624595469255,152.37411464176398,151.10945057134813,1.5446350330487348,1.5565885308927374
2024-01-19,155.34,51651628,53.695324283559586,152.96729171341119,151.49404597395284,1.6927822759892592,1.5838272799120419
2024-01-22,154.78,43687468,55.53822152886116,153.32983337072898,151.79276906722984,1.7448887224413454,1.6160395684179027
2024-01-23,156.02,37986039,62.243667068757524,153.86786669658318,152.17706278839077,1.864745468551206,1.6657807484445635
2024-01-24,156.87,48547315,67.31244847485573,154.46829335726656,152.6036934439916,2.0052059338104584,1.7336657855177426
2024-01-25,157.75,43638592,81.02636534839925,155.12463468581325,153.07153949453783,2.1626013874032424,1.8194529058948428
2024-01-26,159.12,51047353,81.6317228805834,155.9237077486506,153.62139954048894,2.37055963295424,1.9296742513067222
2024-01-29,161.26,45270385,80.06923837784372,156.9909661989205,154.31581776408083,2.6771872084377435,2.0791768427329265
2024-01-30,159.0,45207430,68.87679366650174,157.3927729591364,154.74165251280075,2.7066283321534286,2.204667140617027
2024-01-31,155.2,50284371,53.394919168591215,156.95421836730912,154.7833204661825,2.395716069171101,2.242876926327842
2024-02-01,159.28,76542419,58.44316309719933,157.41937469384732,155.19210951471135,2.450292318183017,2.2843600046988772
2024-02-02,171.81,117218313,73.7103448275862,160.29749975507787,156.70282683155577,3.464672087999361,2.5204224213589743
2024-02-05,170.31,55081297,73.6290989253238,162.2999998040623,157.9398425741416,4.100272510641815,2.8363924392155426
2024-02-06,169.15,42505518,74.22222222222223,163.66999984324985,158.95894779467417,4.458987684955531,3.1609114883635403
2024-02-07,170.53,47174060,73.92525990446754,165.0419998745999,160.01086163152198,4.79930313280866,3.4885898172525645
2024-02-08,169.84,42316454,71.05110336817654,166.00159989967995,160.90441966501996,4.956196396707128,3.7821111331434776
2024-02-09,174.45,56985986,75.55209145232527,167.69127991974398,162.13583605910907,5.390386886693619,4.103766283853506
2024-02-12,172.34,51050440,70.73170731707319,168.62102393579517,163.06348732646276,5.50081662230474,4.383176351543753
2024-02-13,168.64,56345122,63.942193792940046,168.62481914863613,163.57044302405706,5.229491581859861,4.552439397606975
2024-02-14,170.98,42815544,65.14769864895808,169.09585531890892,164.24403911277912,5.143986304225166,4.670748778930613
2024-02-15,169.8,49855196,62.281508739650434,169.23668425512716,164.74912646616283,4.9242430091640585,4.721447624977302
2024-02-16,169.51,48107744,59.90871967331252,169.2913474041017,165.1819331510571,4.6728288263194315,4.7117238652457285
2024-02-20,167.08,41980326,59.66507177033495,168.84907792328138,165.35448468277917,4.228754138035839,4.615129919803751
2024-02-21,168.59,44575623,66.9450771956467,168.7972623386251,165.64862243889013,3.95309728381892,4.482723392606784
2024-02-22,174.58,55392354,68.46933848382427,169.95380987090007,166.46056585353648,4.169912030129666,4.420161120111361
2024-02-23,174.99,59715243,55.42662116040958,170.96104789672006,167.23596895776043,4.324967321055425,4.401122360300174
2024-02-26,174.73,44368614,57.875980042765484,171.71483831737606,167.91724450705493,4.376421268976685,4.396182142035476
2024-02-27,173.54,31141732,57.81416874332501,172.07987065390085,168.42840409732267,4.271931669553453,4.371332047539072
2024-02-28,173.16,28180482,54.854189737910666,172.2958965231207,168.85854917938426,4.111070226477636,4.319279683326785
2024-02-29,176.76,53805359,61.533333333333324,173.18871721849655,169.5768628903493,4.225368865361531,4.300497519733735
2024-03-01,178.22,31981152,57.02048417132218,174.19497377479726,170.36260262759026,4.383233965736508,4.317044808934289
2024-03-04,177.58,37381520,60.32308904649332,174.8719790198378,171.0187296614457,4.405911933657222,4.334818233878876
2024-03-05,174.12,37228343,60.898965791567264,174.72158321587025,171.300663328587,4.097458353724392,4.287346257847979
2024-03-06,173.51,32090926,55.40367364374199,174.47926657269622,171.5015121168973,3.760436792765887,4.181964364831561
2024-03-07,176.82,34063283,63.7431480031323,174.94741325815698,171.98501101536115,3.717580164746977,4.089087524814644
2024-03-08,175.35,37893242,60.92814371257485,175.0279306065256,172.29091910487378,3.5243724913447068,3.976144518120657
2024-03-11,171.96,28484777,58.815028901734095,174.41434448522048,172.26083554988523,3.0624078185498433,3.7933971782064946
2024-03-12,175.39,36610604,61.48648648648646,174.6094755881764,172.5453050453502,2.9391886838125174,3.622555479327699
2024-03-13,176.555,30772600,53.9858728557013,174.99858047054113,172.9098227685002,2.9020889208837275,3.478462167638905
2024-03-14,178.75,43705840,57.07831325301203,175.74886437643292,173.4407479713638,3.0150496317414195,3.385779660459408
2024-03-15,174.42,72147390,49.493960169768194,175.48309150114636,173.52977088305798,2.7237789678066804,3.2533795219288626
2024-03-18,174.48,31250688,51.593220338983045,175.28247320091708,173.61615534823454,2.4693215648058526,3.096567930504261
2024-03-19,175.9,26880893,54.48592010478063,175.40597856073367,173.82377758930414,2.355096288211996,2.9482736020458082
2024-03-20,178.15,29947150,52.380952380952415,175.95478284858694,174.21707053573104,2.418252025487874,2.8422692867342216
2024-03-21,178.15,32824320,49.87378290659937,176.39382627886957,174.5746095779373,2.440174588590196,2.7618503471054168
2024-03-22,178.87,27995378,52.31930960086298,176.88906102309565,174.96509961630662,2.4869780259086554,2.7068758828660644
2024-03-25,179.71,29815464,61.09567288606589,177.45324881847654,175.39645419664237,2.5623143027147535,2.6779635668358024
2024-03-26,178.3,29658982,59.2150827241247,177.62259905478123,175.66041290603852,2.479659655737038,2.63830278461605
2024-03-27,179.83,33272551,56.21643948781499,178.064079243825,176.03946627821682,2.5086947937945467,2.612381186451749
2024-03-28,180.38,38051588,60.79862601975097,178.52726339506,176.43406025292438,2.546728650747923,2.599250679310984
2024-04-01,180.97,29174521,71.98633479746215,179.015810716048,176.84641841174943,2.5945702349621342,2.5983145904412144
2024-04-02,180.69,32611546,65.28258362168398,179.35064857283842,177.1958349197722,2.580149023335508,2.5946814770200737
2024-04-03,182.41,31046638,66.35931824531988,179.96251885827076,177.66984992706566,2.6766549227923235,2.6110761661745236
2024-04-04,180.0,41624261,53.45113197128658,179.9700150866166,177.88168175187786,2.5295110557252087,2.5947631440846606
2024-04-05,185.07,42373992,78.24933687002655,180.9900120692933,178.53516522897985,2.78984550681821,2.6337796166313705
2024-04-08,185.32,39154806,78.46638655462186,181.85600965543463,179.15196838998168,2.981961153608239,2.703415924026744
2024-04-09,185.67,36546946,77.18419588202559,182.61880772434773,179.74451671816516,3.1264168751262673,2.788016114246649
2024-04-10,185.95,35879151,74.375,183.2850461794782,180.30865156196833,3.226301934718748,2.8756732783410692
2024-04-11,189.05,40020742,78.53403141361258,184.43803694358257,181.1033196017894,3.5150859337188933,3.003555809416634
2024-04-12,186.13,38608849,67.04225352112672,184.77642955486607,181.56029054708125,3.4683487712977126,3.09651440179285
2024-04-15,183.62,48052395,58.511101436656496,184.54514364389286,181.74753686098293,3.191978074001355,3.1156071362345514
2024-04-16,183.32,32891265,61.48215919487644,184.3001149151143,181.89048805543902,2.9151408829686147,3.075513885581364
2024-04-17,181.28,31359673,53.24094769780954,183.69609193209146,181.8349891413082,2.5022896263706684,2.9608690337392254
2024-04-18,179.22,30723793,47.571189279732,182.80087354567317,181.5972628557347,1.985984059219902,2.765892038835361
2024-04-19,174.62,55944410,38.61599139476517,181.16469883653855,180.96296623248608,1.1918872865608137,2.4510910883804518
2024-04-22,177.23,37924890,44.27531436135009,180.37775906923085,180.62360566589643,0.7643540625508649,2.113743683214534
2024-04-23,179.54,37046519,45.34242129178837,180.21020725538466,180.52509605990585,0.6049550515737963,1.8119859568863868
2024-04-24,176.59,34185109,44.56140350877194,179.48616580430775,180.16736005445986,0.23784807657384022,1.4971583808238775
2024-04-25,173.67,49249390,30.47945205479452,178.32293264344622,179.57669095859987,-0.2854163406093164,1.1406434365372387
2024-04-26,179.62,43919765,41.833810888252174,178.582346114757,179.58062814418167,-0.21748485731282585,0.8690177777672258
2024-04-29,180.96,54063937,43.438283644469244,179.05787689180562,179.70602558561973,-0.05488913840741816,0.6842363945322971
2024-04-30,175.0,94639786,36.82944431080109,178.2463015134445,179.2782050778361,-0.40231540834298585,0.4669260339572405
2024-05-01,179.0,94645148,38.16811867200376,178.39704121075562,179.25291370712372,-0.35084236731427154,0.30337235370293814
2024-05-02,184.72,54303510,48.44267726971504,179.66163296860452,179.74992155193064,0.14978001374603878,0.27265388571155824
2024-05-03,186.21,39172004,52.92655367231639,180.97130637488362,180.33720141084603,0.6591590300896257,0.34995491458717176
2024-05-06,188.7,34725295,55.79242032730404,182.5170450999069,181.09745582804186,1.2493658488193091,0.5298371014335993
2024-05-07,188.76,34048902,58.41205578047682,183.76563607992554,181.79405075276532,1.702327135871684,0.7643351083212162
2024-05-08,188.0,26136350,60.17145505097312,184.61250886394043,182.35822795705937,1.9771848150623441,1.0069050496694418
2024-05-09,189.5,43368377,68.57214178731901,185.59000709115236,183.00747996096305,2.289655249584257,1.263455089652405
2024-05-10,187.48,34141771,62.984545224220916,185.9680056729219,183.41407269178458,2.3472357296274993,1.480211217647424
2024-05-13,186.57,24898613,59.23299185710533,186.0884045383375,183.70097517434962,2.293006923625768,1.6427703588430929
2024-05-14,187.07,38698155,64.7108366086468,186.28472363067,184.00725015849966,2.2642748742098604,1.7670712619164466
2024-05-15,185.99,75459927,68.23564239194792,186.225778904536,184.1875001440906,2.1298064608588163,1.8396183017049206
2024-05-16,183.63,38834450,56.64127194435242,185.70662312362882,184.13681831280962,1.811920308394491,1.8340787030428347
2024-05-17,184.7,33175655,56.24999999999997,185.50529849890304,184.18801664800873,1.6275716669094322,1.7927772958161543
2024-05-20,183.54,30511768,66.9984076433121,185.11223879912245,184.1291060436443,1.3720555327896307,1.7086329432108498
2024-05-21,183.15,50839129,59.64667596466762,184.71979103929797,184.040096403313,1.1251177578207034,1.5919299061328207
2024-05-22,183.13,28148784,44.97153700189751,184.40183283143838,183.95736036664817,0.9172306947217237,1.4569900638506013
2024-05-23,181.05,33670173,34.2682926829268,183.73146626515071,183.69305487877108,0.5779775177100248,1.281187554622486
2024-05-24,180.75,27471640,22.026741731175235,183.1351730121206,183.42550443524644,0.28166260674407795,1.0812825650468043
2024-05-28,182.15,29926963,28.745980707395518,182.93813840969648,183.30954948658766,0.15797813112411063,0.8966216782622657
2024-05-29,182.02,32009294,29.959785522788223,182.75451072775718,183.1923177150797,0.048903648730941995,0.727078072356001
2024-05-30,179.32,29249229,18.424317617865995,182.06760858220576,182.84028883189063,-0.25249548874211314,0.5311633601363781
2024-05-31,176.44,58903939,17.491166077738512,180.94208686576462,182.25844439262784,-0.7155005623891668,0.2818305756312691
2024-06-03,178.34,30786640,27.100723427935463,180.4216694926117,181.9022221751162,-0.9185330210882796,0.04175785628735937
2024-06-04,179.34,27198388,29.07417433676234,180.20533559408935,181.6692928864693,-0.987364343190535,-0.16406658360821952
2024-06-05,181.28,32116394,37.81686497672011,180.42026847527148,181.63390262406298,-0.875282167137442,-0.306309700314064
2024-06-06,185.0,31371151,53.310778153697456,181.3362147802172,181.9399114764209,-0.48074163413701854,-0.3411960870786549
2024-06-07,184.3,28021473,49.015748031496116,181.92897182417377,182.15446497856445,-0.2219905996308853,-0.317354989589101
2024-06-10,187.06,34494498,58.02919708029199,182.95517745933904,182.60042270778584,0.2034353174281307,-0.2131969281856547
2024-06-11,187.23,27265108,59.40092165898614,183.81014196747122,183.0212933707144,0.5479891234723482,-0.060959717854054116
2024-06-12,186.89,33984216,58.53769300635785,184.42611357397698,183.37299397337674,0.7845712891939058,0.10814648355553788
2024-06-13,183.83,39721545,56.04347826086958,184.30689085918158,183.41453997579703,0.7168841393838079,0.22989401472119192
2024-06-14,183.66,25456410,56.36204634892872,184.17751268734526,183.43685452345184,0.6421220232718383,0.31233961643132124
2024-06-17,184.06,35601907,54.366712391403745,184.15401014987623,183.49350411222895,0.6081389177906544,0.3714994767031879
2024-06-18,182.81,36659157,51.718138321009114,183.885208119901,183.4313673747536,0.4748685198462681,0.39217328533180396
2024-06-20,186.1,44726779,64.37659033078884,184.3281664959208,183.67397034068506,0.6274929257890278,0.43923721342324873
2024-06-21,189.08,72931754,76.68918918918925,185.27853319673665,184.16542758244097,0.9776403330001244,0.5469178373386239
2024-06-24,185.57,50610379,64.29418742586,185.33682655738932,184.29311598403726,0.9608311468207944,0.629700499235058
2024-06-25,186.34,45898475,63.96648044692737,185.53746124591146,184.47919634912478,0.9981364152350238,0.7033876824350511
2024-06-26,193.61,65103893,70.2862783810464,187.15196899672918,185.30926940829525,1.595932435613861,0.8818966330708131
2024-06-27,197.85,74397491,70.78615334843091,189.29157519738334,186.44933582572295,2.3843374950489817,1.182384805466447
2024-06-28,193.25,76930192,62.85550129273196,190.0832601579067,187.0675780233845,2.607910262469119,1.4674898968669816
2024-07-01,197.2,41192011,64.08333333333331,191.50660812632535,187.98870729398593,3.0684540516162713,1.7876827278168397
2024-07-02,200.0,45600013,66.52860471136424,193.20528650106027,189.08064299453267,3.617672643664747,2.1536807109864213
2024-07-03,197.59,31597926,63.144963144963164,194.08222920084822,189.8542209041206,3.81449435944441,2.4858434406780194
2024-07-05,200.0,39858885,70.18726591760296,195.2657833606786,190.77656445829146,4.117480098480399,2.8121707722384954
2024-07-08,199.29,34767261,69.25351071692533,196.0706266885429,191.55051314390133,4.251301060990301,3.0999968299888563
2024-07-09,199.34,32756736,68.98608349900594,196.72450135083432,192.25864831263758,4.3116872730879265,3.3423349186086706
2024-07-10,199.79,32883753,71.52636916835698,197.33760108066747,192.94331664785233,4.34575980651951,3.543019896190839
2024-07-11,195.05,44565041,60.94399608706287,196.88008086453397,193.1348333162294,3.944810824945762,3.6233780819418238
2024-07-12,194.49,30598525,57.03145308032232,196.40206469162717,193.25803028748126,3.541049533684884,3.6069123722904357
2024-07-15,192.72,40683227,59.733188129594346,195.66565175330177,193.20911844316478,3.043161917640788,3.4941622813605067
2024-07-16,193.02,33994714,59.21125206839494,195.13652140264145,193.19192585742255,2.642330743616043,3.323795973811614
2024-07-17,187.93,48076139,41.66666666666666,193.69521712211318,192.71356896129322,1.8921373081993522,3.037464240689162
2024-07-18,183.75,51043626,29.27689594356262,191.70617369769056,191.89869905572112,0.9493688068534709,2.6198451539220238
2024-07-19,183.13,43081829,33.15579227696405,189.99093895815247,191.1015445961101,0.1504548094246161,2.1259670850225425
2024-07-22,182.55,39931923,22.534683164604488,188.502751166522,190.32413145100918,-0.523457351631265,1.5960821976917812
2024-07-23,186.41,47537670,25.495852866931102,188.0842009332176,189.96830131909925,-0.7375656561437154,1.129352626924682
2024-07-24,180.83,41532360,22.880258899676363,186.63336074657408,189.1375466537266,-1.342037226275778,0.6350746562845901
2024-07-25,179.85,44464163,15.81269087207329,185.27668859725927,188.2932242306605,-1.87850882992592,0.13235795904248815
2024-07-26,182.5,29505964,23.272843043616703,184.72135087780742,187.76656748241865,-2.066017820478862,-0.30731719686178194
2024-07-29,183.2,33270123,24.82844666250776,184.41708070224593,187.35142498401694,-2.1335417552940896,-0.6725621085482435
2024-07-30,181.71,39508574,22.688821752265852,183.87566456179675,186.83856816728814,-2.2809916557300483,-0.9942480179846045
2024-07-31,186.98,41667326,38.0017841213202,184.49653164943743,186.85142560662558,-1.9501220146957507,-1.1854228173268337
2024-08-01,184.07,70435635,35.519733185102794,184.41122531954994,186.59856873329596,-1.9008068028916796,-1.328499614439803
2024-08-02,167.9,141448365,25.36720921000395,181.10898025563998,184.89869884845086,-3.1304224426134226,-1.688884180074527
2024-08-05,161.02,83149437,21.910112359550524,177.091184204512,182.72790804404622,-4.606954098320017,-2.272498163723625
2024-08-06,161.93,59950830,25.369458128078776,174.0589473636096,180.8371891309511,-5.638687400103578,-2.9457360109996156
2024-08-07,162.77,48408240,28.782362459546903,171.80115789088768,179.19471739177374,-6.315758364177867,-3.619740481635266
2024-08-08,165.8,44616206,33.28833172613305,170.60092631271016,177.9770158107034,-6.532543212222635,-4.20230102775274
2024-08-09,166.94,36401049,35.10780385422625,169.86874105016813,176.97365073700308,-6.537003783058594,-4.669241578813911
2024-08-12,166.8,30072788,29.86239474224685,169.25499284013452,176.0487733972755,-6.477170853849657,-5.03082743382106
2024-08-13,170.23,39237915,38.61194671250532,169.4499942721076,175.51979399752318,-6.082861056277409,-5.24123415831233
2024-08-14,170.1,28843804,39.33026920551541,169.5799954176861,175.0270854522938,-5.714978895144952,-5.335983105678855
2024-08-15,177.59,51698513,45.141500098951106,171.1819963341489,175.26007768390346,-4.7641312886150615,-5.221612742266097
2024-08-16,177.06,31489175,43.903891977760125,172.35759706731912,175.42370698536678,-4.007152322945018,-4.9787206584018815
2024-08-19,178.22,31129807,46.512092744353374,173.5300776538553,175.67791544124253,-3.2758764686685424,-4.638151820455214
2024-08-20,178.88,26255204,41.083223249669736,174.60006212308426,175.9690140374932,-2.612958047583902,-4.233113065880952
2024-08-21,180.11,35599120,45.4732510288066,175.70204969846742,176.345467306812,-1.9656805604368799,-3.7796265647921374
2024-08-22,176.13,32047482,63.042789223454825,175.78763975877393,176.32587936982907,-1.7536462834933388,-3.3744305085323782
2024-08-23,177.04,29150091,81.31352619233775,176.03811180701916,176.39079942711732,-1.4949453966174246,-2.9985334861493875
2024-08-26,175.5,22366236,75.88706600534148,175.93048944561534,176.30981766101576,-1.3980721046591782,-2.678441209851346
2024-08-27,173.12,29841979,68.64864864864865,175.36839155649227,176.01983423728706,-1.496099330564732,-2.4419728339940234
2024-08-28,170.8,29045025,59.245562130177525,174.45471324519383,175.54530385207914,-1.7409229482335888,-2.3017628568419366
2024-08-29,172.12,26407815,59.515062454077906,173.9877705961551,175.23391259279921,-1.8075976008432804,-2.2029298056422055
2024-08-30,178.5,43429355,67.48356246264196,174.89021647692408,175.53082962981745,-1.3302903047301413,-2.0284019054597926
2024-09-03,176.25,37817511,59.32465923172245,175.16217318153926,175.5962087543795,-1.1206587729636794,-1.84685327896057
2024-09-04,173.33,30309225,54.605075563159424,174.79573854523142,175.3901897767086,-1.1765809771584372,-1.7127988186001435
2024-09-05,177.89,40170526,50.46670815183569,175.41459083618514,175.61744525155325,-0.8432256559189,-1.5388841860638949
2024-09-06,171.39,41466537,42.56100760955126,174.60967266894812,175.2331320468666,-1.090958943769209,-1.4492991376049578
2024-09-09,175.4,29037362,46.557617187500014,174.7677381351585,175.2483018607878,-0.9527333551189372,-1.3499859811077537
2024-09-10,179.55,36233796,50.75365579302589,175.7241905081268,175.63936532798888,-0.5025254625283537,-1.1804938773918738
2024-09-11,184.52,42564698,54.575638099190705,177.48335240650144,176.44669575271718,0.2523955412110013,-0.8939159936712988
2024-09-12,187.0,33622483,61.64060826729495,179.38668192520117,177.4060870479247,1.038816321448877,-0.5073695306472636
2024-09-13,186.49,26495351,60.20738820479589,180.80734554016095,178.2318973162952,1.602435835066018,-0.0854084575046073
2024-09-16,184.89,26065485,60.1294498381877,181.62387643212878,178.83717937845017,1.8981213704063293,0.31129750807758005
2024-09-17,186.88,26091682,64.96953872932986,182.67510114570302,179.56834488950017,2.2668992528478213,0.7024178570316284
2024-09-18,186.43,34448130,67.72510773418009,183.42608091656243,180.19213171772742,2.494096747605738,1.0607536351464504
2024-09-19,189.87,39543168,69.20579961047393,184.71486473324995,181.07193792520673,2.9180936822723993,1.4322216445716403
2024-09-20,191.6,100378553,65.76034648700673,186.09189178659997,182.02903447746064,3.3550360819995717,1.8167845320572267
2024-09-23,193.88,36993111,71.19499879778795,187.64951342928,183.10639497950967,3.8410161834154337,2.221630862328868
2024-09-24,193.96,43478926,76.61935483870967,188.911610743424,184.09308634500877,4.184379326309198,2.614180555124934
2024-09-25,192.53,26391144,70.550252667041,189.63528859473922,184.86007849546252,4.291636725142695,2.9496717891284865
2024-09-26,191.16,36334854,82.42046572646767,189.94023087579137,185.43279863223864,4.217475009412283,3.203232433185246
2024-09-27,187.97,36002316,71.18301314459048,189.5461847006331,185.66345330203512,3.856835773333927,3.3339531012149823
2024-09-30,186.33,41680400,62.48159057437408,188.9029477605065,185.72404845639556,3.3995049100436745,3.3470634629807208
2024-10-01,185.13,36044906,51.30397605814447,188.1483582084052,185.6700440512687,2.906729961197499,3.2589967626240766
2024-10-02,184.76,23704056,44.736842105263136,187.47068656672417,185.58731277388063,2.4580119247944197,3.098799795058145
2024-10-03,181.96,30204302,40.39032668646585,186.36854925337934,185.25755706716419,1.8550788543954866,2.8500556069256135
2024-10-04,186.51,41079011,53.054298642533944,186.39683940270348,185.37141551560381,1.7245178578789933,2.6249480571162898
2024-10-07,180.8,42364201,39.94708994708996,185.27747152216278,184.95583228691257,1.1470752781822853,2.329373501329489
2024-10-08,182.72,26372086,44.15011037527592,184.76597721773024,184.75257480628414,0.8347533108622258,2.0304494632360366
2024-10-09,185.17,26343117,42.35026041666662,184.8467817741842,184.7905225511674,0.7759853500176064,1.7795566405923506
2024-10-10,186.65,27785043,41.87725631768954,185.20742541934737,184.95956595560673,0.8391616160223521,1.591477635678351
2024-10-11,188.82,25751557,41.66666666666665,185.9299403354779,185.31051450509702,1.052201008293622,1.4836223102014052
2024-10-14,187.54,22614407,39.828897338402996,186.25195226838235,185.51319500463364,1.1050130562748848,1.4079004594161013
2024-10-15,187.69,32178925,42.007926023778055,186.5395618147059,185.71108636784876,1.1457630875277687,1.3554729850384348
2024-10-16,186.89,23456812,42.813867384718925,186.6096494517647,185.81826033440797,1.1008149571699732,1.3045413794647425
2024-10-17,187.53,25039414,49.1899852724595,186.79371956141176,185.97387303127994,1.104108416779468,1.2644547869276876
2024-10-18,188.99,37417670,54.929577464788736,187.23297564912943,186.24806639207267,1.210573566994583,1.2536785429410666
2024-10-21,189.07,24639393,57.617942768754844,187.60038051930354,186.50460581097516,1.2865724901887745,1.260257332390608
2024-10-22,189.7,29650593,59.45635528330783,188.02030441544284,186.7950961917956,1.3817104215780773,1.284547950228102
2024-10-23,184.71,31937089,54.856941010243744,187.3582435323543,186.60554199254145,1.0424400211385887,1.2361263644101994
2024-10-24,186.38,21647395,49.74439638222572,187.16259482588345,186.58503817503768,0.8979695932029585,1.1684950101687512
2024-10-25,187.83,29362060,66.60368445914031,187.29607586070676,186.69821652276153,0.8902167554391269,1.1128393592228265
2024-10-28,188.39,27930836,64.31095406360423,187.51486068856542,186.85201502069228,0.9186700391804266,1.0740054952143465
2024-10-29,190.83,35690158,64.29292929292934,188.17788855085234,187.21365001881117,1.125137198360278,1.084231835843533
2024-10-30,192.73,37707550,65.03461918892185,189.08831084068188,187.71513638073742,1.4256440928930942,1.1525142872534453
2024-10-31,186.4,75146759,45.03691550451191,188.55064867254552,187.5955785279431,1.1398800462405632,1.1499874390508689
2024-11-01,197.93,99687847,65.00144383482532,190.42651893803642,188.5350713890392,1.822772829675273,1.2845445171757497
2024-11-04,195.78,38492062,61.04286104286106,191.49721515042916,189.19370126276291,2.1655204767574503,1.4607397090920897
2024-11-05,199.5,30564784,65.94184576485465,193.09777212034334,190.13063751160263,2.7061287988103686,1.7098175270357456
2024-11-06,207.09,72292167,71.03225806451616,195.89621769627468,191.67239773782057,3.704313338324056,2.108716689293408
2024-11-07,210.05,52878383,71.93750000000003,198.72697415701975,193.34308885256416,4.6802777115803735,2.623028893750801
2024-11-08,208.18,36075846,69.19060052219324,200.61757932561582,194.6918989568765,5.242411876250372,3.1469054902507154
2024-11-11,206.84,35456012,66.97029702970299,201.86206346049266,195.79627177897865,5.516193208954803,3.6207630339915333
2024-11-12,208.91,38942918,75.43085329970576,203.27165076839415,196.98842888998058,5.832959857552822,4.063202398703791
2024-11-13,214.1,46212943,77.12328767123287,205.43732061471533,198.54402626361872,6.428683472750066,4.536298613513046
2024-11-14,211.48,42620309,72.62291945666729,206.64585649177226,199.720023876017,6.61315429978211,4.951669750766859
2024-11-15,202.61,86591144,61.73654671508752,205.8386851934178,199.98274897819726,5.974740796177201,5.156283959848928
2024-11-18,201.7,36512465,59.20406435224385,205.01094815473425,200.13886270745206,5.333878469464764,5.191802861772095
2024-11-19,204.61,31197867,59.890109890109905,204.9307585237874,200.54532973404733,5.003130168257428,5.154068323069161
2024-11-20,202.88,32768989,64.85755499459066,204.52060681902992,200.75757248549755,4.548975457416844,5.033049749938699
2024-11-21,198.38,58800042,50.46458806524879,203.29248545522393,200.54142953227048,3.782341704394554,4.78290814082987
2024-11-22,197.12,31530844,51.40933950357594,202.05798836417915,200.23039048388227,3.0380862944267335,4.433943771549243
2024-11-25,201.45,40685672,52.02492211838005,201.93639069134332,200.3412640762566,2.7657712433758377,4.100309265914563
2024-11-26,207.86,41673737,50.81967213114755,203.12111255307468,201.02478552386964,3.0322392661322795,3.886695265958106
2024-11-27,205.74,28061638,45.32841968350315,203.64489004245976,201.45344138533605,3.0373382666834914,3.7168238661031836
2024-11-29,207.89,24892447,49.68756733462613,204.49391203396783,202.03858307757824,3.1782296401446217,3.6091050209114712
2024-12-02,210.71,39523185,54.04050950093965,205.73712962717428,202.8268937068893,3.4773527431110836,3.582754565351394
2024-12-03,213.44,32214828,54.66529351184346,207.27770370173943,203.79172155171756,3.8898582768527774,3.644175307651671
2024-12-04,218.16,48745716,54.22212978369384,209.45416296139155,205.0979286833796,4.545241720361474,3.824388590193632
2024-12-05,220.55,41140220,59.47753396029259,211.67333036911327,206.502662439436,5.1975764214539595,4.099026156445698
2024-12-06,227.03,44178069,76.85877694676634,214.74466429529065,208.36878403585092,6.16635629927336,4.51249218501123
2024-12-09,226.09,46819363,76.80808969004177,217.01373143623255,209.97980366895538,6.780114251419349,4.966016598292854
2024-12-10,225.04,31199864,73.41278936511571,218.61898514898607,211.34891242632307,7.099951800805258,5.3928036387953355
2024-12-11,230.26,35385785,79.05348047538199,220.94718811918887,213.06810220574823,7.686035900172527,5.851450091070774
2024-12-12,228.97,28204084,84.8326121612389,222.55175049535111,214.51372927795293,7.954722463492516,6.272104565555123
2024-12-13,227.46,28768080,84.35235507246378,223.5334003962809,215.6906629799572,7.95412393089714,6.608508438623526
2024-12-16,232.93,37552096,84.74613686534218,225.41272031702476,217.25787543632475,8.299362984494508,6.946679347797724
2024-12-17,231.15,35948131,78.63289894270962,226.56017625361983,218.5207958512043,8.333275485352942,7.223998575308768
2024-12-18,220.52,43281443,65.02643350955674,225.35214100289588,218.702541682913,7.4169017981582215,7.262579219878658
2024-12-19,223.29,39918739,65.46184738955824,224.9397128023167,219.11958334810274,6.835390769180464,7.1771415297390195
2024-12-20,224.92,88279184,64.61633408763629,224.9357702418534,219.64689395282065,6.431923259079042,7.028097875607024
2024-12-23,225.06,28070007,62.62494567579315,224.96061619348274,220.13899450256423,6.053686055904677,6.833215511666555
2024-12-24,229.05,15007497,62.022521527931126,225.7784929547862,220.949085911422,6.006649089817557,6.667902227296756
2024-12-26,227.05,16174500,57.23830734966593,226.03279436382897,221.5037144649291,5.741800764936585,6.482681934824723
2024-12-27,223.75,27367147,46.06903163950143,225.5762354910632,221.70792224084462,5.205617025899528,6.227268953039684
2024-12-30,221.3,28321240,44.45986583391165,224.7209883928506,221.67083840076785,4.530765184478469,5.887968199327441
2024-12-31,219.39,24819655,43.59265139487412,223.65479071428047,221.4634894552435,3.798037785251381,5.469982116512229
2025-01-02,220.22,33956579,37.35516372795971,222.9678325714244,221.35044495931226,3.2468919563953875,5.025364084488862
2025-01-03,224.19,27515606,44.36054742803209,223.21226605713952,221.6085863266475,3.094776085281495,4.639246484647389
2025-01-06,227.61,31849831,50.169338451117646,224.09181284571162,222.15416938786134,3.213149393266008,4.354027066371113
2025-01-07,222.11,28084164,37.79332129963901,223.6954502765693,222.15015398896486,2.830528487632563,4.049327350623403
2025-01-08,222.13,25033292,39.4031954887218,223.38236022125545,222.14832180814986,2.5000929805108285,3.7394804766008884
2025-01-10,218.94,36811525,47.750569476081985,222.49388817700438,221.85665618922715,1.9582407401105115,3.3832325293028136
2025-01-13,218.46,27262655,42.6439232409382,221.68711054160352,221.54786926293377,1.473105899453742,3.0012072033329993
2025-01-14,217.76,24711650,38.77742946708466,220.90168843328283,221.20351751175798,1.020386512620604,2.6050430651905203
2025-01-15,223.35,31291257,47.71084337349397,221.3913507466263,221.39865228341634,1.0999894259265943,2.3040323373377354
2025-01-16,220.66,24757276,38.3633841886269,221.24508059730107,221.33150207583304,0.935233994175718,2.030272668705332
2025-01-17,225.94,42370123,48.588863463005325,222.18406447784088,221.75045643257548,1.216690747143815,1.8675562843930287
2025-01-21,230.71,39951456,58.52941176470589,223.88925158227272,222.56496039325043,1.8038526960830268,1.8548155667310284
2025-01-22,235.01,41448217,66.07268464243842,226.1134012658182,223.69632763022767,2.5863430811939736,2.0011210696236175
2025-01-23,235.42,26404364,69.4775212636695,227.97472101265458,224.7621160274797,3.202637906210299,2.241424436940954
2025-01-24,234.85,25890738,67.88945952555638,229.34977681012367,225.6791963886179,3.6035225935454775,2.513844068261859
2025-01-27,235.42,49428332,64.97732728727661,230.56382144809896,226.56472398965263,3.922010338967084,2.795477322402904
2025-01-28,238.15,41587188,64.32065217391303,232.08105715847918,227.6179308996842,4.344620278098375,3.105305913541998
2025-01-29,237.07,26091716,73.10067943174796,233.07884572678336,228.47720990880384,4.540059742909534,3.3922566794155053
2025-01-30,234.64,32020728,67.97930439781544,233.3910765814267,229.03746355345805,4.447597104309608,3.6033247643943263
2025-01-31,237.68,36162377,77.04965357967666,234.24886126514136,229.82314868496184,4.566977121311822,3.7960552357778257
2025-02-03,237.42,37285868,77.5421266705403,234.88308901211312,230.51377153178348,4.587722409603458,3.9543886705429525
2025-02-04,242.06,29713812,81.67361835245043,236.3184712096905,231.5634286652577,4.921836553882031,4.147878247210768
2025-02-05,236.17,38832042,66.5804449042938,236.28877696775243,231.982207877507,4.657660039526178,4.24983460567385
2025-02-06,238.83,60897095,73.5179911985503,236.79702157420195,232.60473443409725,4.609799123269823,4.321827509193045
2025-02-07,229.15,77539276,53.729955844759466,235.26761725936157,232.29066766736113,3.7475741988721722,4.206976847128871
2025-02-10,233.14,35419926,52.87573964497038,234.84209380748928,232.367879697601,3.347625050710235,4.035106487845145
2025-02-11,232.76,23713726,47.06496217062354,234.42567504599143,232.40352699781909,2.9658116149627176,3.821247513268659
2025-02-12,228.93,32285249,42.22754491017968,233.32654003679315,232.08775181619916,2.3273445457592743,3.5224669197667824
2025-02-13,230.37,31346512,44.744251525105604,232.73523202943454,231.93159256018103,1.9154704083975105,3.201067617492928
2025-02-14,228.68,27031084,42.29538180155467,231.92418562354766,231.6359932365282,1.436133458516906,2.8480807856977237
2025-02-18,226.65,42975133,36.64033457249073,230.86934849883815,231.18272112411654,0.8822810509635701,2.4549208387508927
2025-02-19,226.63,28566709,37.565507384468816,230.02147879907054,230.7688373855605,0.4367011755190333,2.051276906104521
2025-02-20,222.88,30001665,36.42032332563514,228.59318303925644,230.0516703505095,-0.2165218172140726,1.5977171614408023
2025-02-21,216.58,55323850,27.341065292096232,226.19054643140518,228.82697304591773,-1.2284028306976893,1.0324931630131042
2025-02-24,212.71,42387585,25.37372932031097,223.49443714512415,227.36179367810703,-2.315906156581434,0.3628132990941966
2025-02-25,212.8,58957977,17.930732135028506,221.35554971609935,226.03799425282457,-3.1343670967287665,-0.3366227800703961
2025-02-26,214.35,39120603,23.570736434108525,219.95443977287948,224.97544932074962,-3.616245416254685,-0.9925473073072539
2025-02-27,208.74,40548571,15.984625819579406,217.71155181830358,223.49949938249964,-4.400096003732159,-1.6740570465922349
2025-02-28,212.28,51771737,27.855080073510052,216.6252414546429,222.4795448931815,-4.68168725028886,-2.27558308733156
2025-03-03,205.02,42948447,16.00580270793033,214.30419316371433,220.8923135392559,-5.4280999106931915,-2.906086452003886
2025-03-04,203.8,60853084,15.687203791469173,212.20335453097147,219.338466853869,-6.048359403480703,-3.5345410422992494
2025-03-05,208.36,38610085,26.042394595853693,211.4346836247772,218.34042441260817,-6.101629839100781,-4.047958801659556
2025-03-06,200.7,49863755,19.816887080366186,209.28774689982174,216.73674946600744,-6.684885823257844,-4.5753442059792135
2025-03-07,199.25,59802821,19.914127990186017,207.2801975198574,215.14704496909766,-7.181341243058853,-5.096543613395141
2025-03-10,194.54,62350926,18.87962783485169,204.73215801588594,213.27367724463423,-7.8641898911302235,-5.650072868942158
2025-03-11,196.59,54002880,21.988064155165972,203.10372641270877,211.75697931330384,-8.146032109520831,-6.149264717057894
2025-03-12,198.89,43679284,27.007858922752504,202.260981130167,210.58725392118532,-8.090540604162783,-6.537519894478872
2025-03-13,193.89,41270761,27.69805386278746,200.58678490413362,209.0693217465321,-8.353724859461607,-6.900760887475419
2025-03-14,197.95,38096663,35.546415981198564,200.0594279233069,208.05847431502917,-8.140849562508151,-7.1487786224819665
2025-03-17,195.74,47341752,33.96013538924406,199.19554233864554,206.93861301366286,-8.057590004353614,-7.330540898856297
2025-03-18,192.82,40414867,30.26581118240145,197.92043387091644,205.65510273969352,-8.133468242217106,-7.491126367528459
2025-03-19,195.54,39442878,37.22415795586526,197.44434709673317,204.73554794517594,-7.883247850318526,-7.5695506640864725
2025-03-20,194.95,38921113,32.21104495996714,196.94547767738655,203.84595267743265,-7.644434177459885,-7.584527366761155
2025-03-21,196.21,60056917,39.68625614610162,196.79838214190926,203.1517751613024,-7.269700568497029,-7.52156200710833
2025-03-24,203.26,41625365,49.443757725587126,198.09070571352743,203.16161378300217,-6.330867107702829,-7.283423027227231
2025-03-25,205.71,31171161,47.14624165410295,199.61456457082195,203.39328525727467,-5.32772559730617,-6.892283541243019
2025-03-26,201.13,32990973,50.49596309111882,199.91765165665757,203.18753205206787,-4.846429820245476,-6.4831127970435105
2025-03-27,201.36,27317661,52.50415380963685,200.20612132532608,203.02139277460716,-4.395768686420183,-6.065643974918846
2025-03-28,192.72,52486162,48.0243161094225,198.70889706026088,202.08490252237016,-4.681823140700402,-5.788879808075158
